case_id,n_victims,n_layers,n_accounts,n_innocent,total_loss_paise,stolen_cashed_out_paise,victim_loss_paise,multi_victim_accounts,proportional_frozen_total_paise,proportional_stolen_frozen_paise,proportional_legit_frozen_all_paise,proportional_legit_frozen_innocent_paise,proportional_stolen_frozen_innocent_paise,proportional_innocent_frozen_any,proportional_innocent_over_frozen,proportional_victim_recoverable_paise,fifo_frozen_total_paise,fifo_stolen_frozen_paise,fifo_legit_frozen_all_paise,fifo_legit_frozen_innocent_paise,fifo_stolen_frozen_innocent_paise,fifo_innocent_frozen_any,fifo_innocent_over_frozen,fifo_victim_recoverable_paise,full_freeze_frozen_total_paise,full_freeze_stolen_frozen_paise,full_freeze_legit_frozen_all_paise,full_freeze_legit_frozen_innocent_paise,full_freeze_stolen_frozen_innocent_paise,full_freeze_innocent_frozen_any,full_freeze_innocent_over_frozen,full_freeze_victim_recoverable_paise
1,5,4,13,3,52431100,27944577,12098600;11584400;9637400;3447500;15663200,12,24486523,24486523,0,0,6450084,3,0,5883895;5440174;4686942;1585369;6890143,25397800,25397800,0,0,6899000,3,0,2586200;3443400;5175300;3447500;10745400,95487900,24486523,71001377,70323516,6450084,3,3,5883895;5440174;4686942;1585369;6890143
2,5,3,14,3,74635800,34194865,19887300;4402500;19543500;19675700;11126800,9,40440935,40440935,0,0,2174411,3,0,10724800;2367151;10461445;10931471;5956068,42348800,42348800,0,0,2495400,3,0,15248700;2641500;8335100;4996700;11126800,86931100,40440935,46490165,44903289,2174411,3,3,10724800;2367151;10461445;10931471;5956068
3,3,4,17,5,34614900,20324120,6524300;17551400;10539200,13,14290780,14290780,0,0,4727428,5,0,2730418;7149711;4410651,15668200,15668200,0,0,5925500,5,0,1034700;6626600;8006900,131023100,14290780,116732320,116516772,4727428,5,5,2730418;7149711;4410651
4,5,3,14,5,68138900,30321903,12493900;7741700;9997300;19811100;18094900,10,37816997,37816997,0,0,3392329,2,0,6956995;4268049;5566808;11049310;9975835,38900700,38900700,0,0,3807600,2,0,5751500;5250300;4821800;11292400;11784700,68950700,37816997,31133703,30218171,3392329,2,2,6956995;4268049;5566808;11049310;9975835
5,1,4,12,4,9054600,5022263,9054600,0,4032337,4032337,0,0,2589924,4,0,4032337,4866800,4866800,0,0,3076900,4,0,4866800,66767800,4032337,62735463,62173876,2589924,4,4,4032337
6,3,4,13,2,47083700,27685992,16655900;19822200;10605600,12,19397708,19397708,0,0,1207953,2,0,6852549;8161469;4383690,20321200,20321200,0,0,1400000,2,0,8032300;9132600;3156300,51502700,19397708,32104992,31373547,1207953,2,2,6852549;8161469;4383690
7,2,4,15,4,18545000,12912886,7870100;10674900,6,5632114,5632114,0,0,917598,3,0,2459036;3173078,6139700,6139700,0,0,1166300,3,0,2018800;4120900,124166200,5632114,118534086,118135502,917598,3,3,2459036;3173078
8,5,4,16,5,66925000,41346116,13801600;11356500;19387600;5363300;17016000,11,25578884,25578884,0,0,7577249,3,0,5275001;4340479;7409985;2049865;6503554,26164400,26164400,0,0,7996200,3,0,0;1938200;7061300;5363300;11801600,152590900,25578884,127012016,126782951,7577249,3,3,5275001;4340479;7409985;2049865;6503554
9,5,4,16,5,57325100,32897317,10084600;14911900;11725900;9297000;11305700,15,24427783,24427783,0,0,4822792,5,0,4297322;6354365;4996724;3961704;4817668,25597700,25597700,0,0,5613500,5,0,976800;411900;6390500;8056100;9762400,117621300,24427783,93193517,92803108,4822792,5,5,4297322;6354365;4996724;3961704;4817668
10,1,3,10,4,4873100,2349209,4873100,0,2523891,2523891,0,0,1021066,1,0,2523891,2807800,2807800,0,0,1168600,1,0,2807800,22888300,2523891,20364409,20228034,1021066,1,1,2523891
11,4,3,13,5,47994700,21910318,15475000;4250800;13064500;15204400,10,26084382,26084382,0,0,2425388,3,0,8919428;2270474;6920609;7973871,27317500,27317500,0,0,3088100,3,0,13348800;1059700;3924500;8984500,107192200,26084382,81107818,80537412,2425388,3,3,8919428;2270474;6920609;7973871
12,5,3,16,5,50395800,18423554,11648600;2590400;8567600;11995900;15593300,16,31972246,31972246,0,0,5596418,5,0,7571587;1458173;5020231;7049924;10872331,33820500,33820500,0,0,6764200,5,0,6237700;1070100;4078000;7048900;15385800,176002500,31972246,144030254,143349782,5596418,5,5,7571587;1458173;5020231;7049924;10872331
13,3,4,16,3,35804100,17765407,14876500;10608500;10319100,10,18038693,18038693,0,0,6082754,3,0,7414149;5287063;5337481,19644700,19644700,0,0,6749100,3,0,5941800;7343900;6359000,75062300,18038693,57023607,56083946,6082754,3,3,7414149;5287063;5337481
14,4,3,14,3,50873700,22489992,17249300;10840100;18067900;4716400,14,28383708,28383708,0,0,4467391,3,0,9385567;6010938;10250726;2736477,30891200,30891200,0,0,6422300,3,0,3948500;8969300;13404200;4569200,88870800,28383708,60487092,59934509,4467391,3,3,9385567;6010938;10250726;2736477
15,1,3,13,5,13732300,5968523,13732300,0,7763777,7763777,0,0,1819934,3,0,7763777,8744400,8744400,0,0,2361200,3,0,8744400,64805700,7763777,57041923,56602566,1819934,3,3,7763777
16,5,4,13,4,11479700,5582130,3954100;1565600;2240200;1883600;1836200,11,5897570,5897570,0,0,2670047,3,0,2031376;804310;1150880;967679;943325,6283000,6283000,0,0,3024800,3,0,2019900;261400;1165800;1319100;1516800,107336000,5897570,101438430,101331853,2670047,3,3,2031376;804310;1150880;967679;943325
17,3,3,8,2,23818800,7927521,2827600;13231700;7759500,8,15891279,15891279,0,0,2729212,2,0,1886502;8827843;5176934,17417000,17417000,0,0,3386700,2,0,2600200;7057300;7759500,80450800,15891279,64559521,63691288,2729212,2,2,1886502;8827843;5176934
18,3,3,12,5,40248800,14983748,19690300;12768300;7790200,7,25265052,25265052,0,0,1890228,3,0,12360032;8014940;4890080,25881100,25881100,0,0,2133000,3,0,6504200;11586700;7790200,92971400,25265052,67706348,67250872,1890228,3,3,12360032;8014940;4890080
19,3,4,14,5,25007400,13433422,3069900;17973400;3964100,13,11573978,11573978,0,0,4941862,4,0,1467514;8433801;1672663,12677700,12677700,0,0,5643100,4,0,675300;9334900;2667500,101625600,11573978,90051622,89649138,4941862,4,4,1467514;8433801;1672663
20,1,4,15,4,3177900,1600119,3177900,0,1577781,1577781,0,0,1226984,4,0,1577781,2428200,2428200,0,0,1838500,4,0,2428200,134387800,1577781,132810019,132551516,1226984,4,4,1577781
21,5,4,13,4,51990600,37234550,3041300;7797900;5070000;16979800;19101600,12,14756050,14756050,0,0,3879362,4,0,863186;2213212;1438976;4819231;5421445,17264600,17264600,0,0,5993600,4,0,0;169300;0;8104100;8991200,95898800,14756050,81142750,80748438,3879362,4,4,863186;2213212;1438976;4819231;5421445
22,1,3,10,3,5260500,1509066,5260500,0,3751434,3751434,0,0,2936828,3,0,3751434,4516600,4516600,0,0,3421700,3,0,4516600,98870700,3751434,95119266,94838972,2936828,3,3,3751434
23,2,3,14,5,19471100,8217791,4524300;14946800,12,11253309,11253309,0,0,5036153,5,0,2591790;8661519,12355700,12355700,0,0,5640900,5,0,1682200;10673500,124779500,11253309,113526191,113028547,5036153,5,5,2591790;8661519
24,4,4,17,5,34309800,18991838,5586900;9831400;9914300;8977200,15,15317962,15317962,0,0,2698465,4,0,2494327;4389331;4426340;4007964,16450900,16450900,0,0,3430700,4,0,1716800;2879100;3107700;8747300,45454800,15317962,30136838,29510535,2698465,4,4,2494327;4389331;4426340;4007964
25,2,4,15,4,27254600,16512852,12890800;14363800,12,10741748,10741748,0,0,3355332,4,0,5506919;5234829,11571700,11571700,0,0,3928100,4,0,6068400;5503300,141822200,10741748,131080452,130525268,3355332,4,4,5506919;5234829
26,5,4,16,4,48828600,29959525,9260500;9097600;11843400;3886000;14741100,15,18869075,18869075,0,0,4395452,4,0,3575342;3522879;4557854;1504781;5708219,20758900,20758900,0,0,5590300,4,0,981400;5988600;2978600;1644200;9166100,104623100,18869075,85754025,85059048,4395452,4,4,3575342;3522879;4557854;1504781;5708219
27,3,3,11,3,44235800,19886492,19413000;5593800;19229000,11,24349308,24349308,0,0,4472436,3,0,11117439;2854878;10376991,26067000,26067000,0,0,5230200,3,0,11658000;1147600;13261400,105422600,24349308,81073292,80113364,4472436,3,3,11117439;2854878;10376991
28,1,4,15,2,17739700,9905684,17739700,0,7834016,7834016,0,0,1822115,2,0,7834016,9116300,9116300,0,0,2480000,2,0,9116300,28590200,7834016,20756184,20069285,1822115,2,2,7834016
29,2,3,13,5,37189700,13708009,17344700;19845000,9,23481691,23481691,0,0,1027551,3,0,10951497;12530194,24374800,24374800,0,0,1274000,3,0,7608200;16766600,82461600,23481691,58979909,58296049,1027551,3,3,10951497;12530194
30,1,4,14,4,1026400,398237,1026400,0,628163,628163,0,0,413650,2,0,628163,867200,867200,0,0,405200,1,0,867200,44108900,628163,43480737,42991950,413650,2,2,628163
31,4,4,17,3,40975700,22402832,15614600;5962600;16058000;3340500,16,18572868,18572868,0,0,2688042,3,0,7004245;2887902;7182429;1498292,20945100,20945100,0,0,3862000,3,0,1728600;4097700;12135800;2983000,87522700,18572868,68949832,67674158,2688042,3,3,7004245;2887902;7182429;1498292
32,1,4,11,3,16794100,10526028,16794100,0,6268072,6268072,0,0,2786206,2,0,6268072,6978300,6978300,0,0,3171200,2,0,6978300,52042800,6268072,45774728,45370994,2786206,2,2,6268072
33,1,3,14,3,13543600,5112971,13543600,0,8430629,8430629,0,0,3247965,1,0,8430629,8519400,8519400,0,0,3072300,1,0,8519400,43999800,8430629,35569171,35130335,3247965,1,1,8430629
34,4,3,10,3,30854500,14024461,6285300;1891900;7826800;14850500,8,16830039,16830039,0,0,949160,2,0,3428410;1031965;4269242;8100422,17588500,17588500,0,0,1388400,2,0,1907200;0;2803100;12878200,43488000,16830039,26657961,26338740,949160,2,2,3428410;1031965;4269242;8100422
35,3,3,10,3,24508600,10921378,1501400;19141000;3866200,8,13587222,13587222,0,0,2010856,3,0,832355;10611499;2143368,14829000,14829000,0,0,2748300,3,0,0;12639500;2189500,83687600,13587222,70100378,69596044,2010856,3,3,832355;10611499;2143368
36,5,4,15,3,52949800,34502045,2434900;4916500;19496100;17419500;8682800,13,18447755,18447755,0,0,3911748,3,0,851284;1699661;6784911;6090166;3021733,19628000,19628000,0,0,4369300,3,0,0;0;3148200;7797000;8682800,116658300,18447755,98210545,97487852,3911748,3,3,851284;1699661;6784911;6090166;3021733
37,1,3,9,2,19115400,9036762,19115400,0,10078638,10078638,0,0,2920949,2,0,10078638,10799100,10799100,0,0,3580700,2,0,10799100,30882700,10078638,20804062,20550451,2920949,2,2,10078638
38,2,4,13,2,9188200,6181285,6320100;2868100,7,3006915,3006915,0,0,1374697,2,0,2118540;888375,3962600,3962600,0,0,2080500,2,0,2627200;1335400,35077600,3006915,32070685,31372603,1374697,2,2,2118540;888375
39,4,4,14,5,47332700,29133680,16976400;12946100;3970700;13439500,10,18199020,18199020,0,0,5219058,5,0,6527281;4977665;1526701;5167373,19075000,19075000,0,0,6005100,5,0,1340500;4155000;140000;13439500,101134500,18199020,82935480,82735442,5219058,5,5,6527281;4977665;1526701;5167373
40,4,4,15,4,39860300,23612978,11528300;1109700;12289800;14932500,12,16247322,16247322,0,0,4824108,4,0,4699013;452321;5009402;6086586,17606800,17606800,0,0,5800000,4,0,2437900;555000;6588300;8025600,129217500,16247322,112970178,112586592,4824108,4,4,4699013;452321;5009402;6086586
41,3,4,16,3,31563600,17992356,11891500;6847900;12824200,15,13571244,13571244,0,0,7687881,3,0,5208644;2861746;5500854,15588200,15588200,0,0,9238400,3,0,5404900;3901200;6282100,114288100,13571244,100716856,100250419,7687881,3,3,5208644;2861746;5500854
42,5,3,12,5,64357500,34180508,16423300;7740100;3671100;19189800;17333200,11,30176992,30176992,0,0,4818292,4,0,7518343;3759130;1652521;9437348;7809650,32623500,32623500,0,0,6570300,4,0,4087800;2148700;300300;11224300;14862400,95934500,30176992,65757508,65063008,4818292,4,4,7518343;3759130;1652521;9437348;7809650
43,3,4,12,2,24770700,16851310,3196900;15858800;5715000,7,7919390,7919390,0,0,3299904,2,0,1022075;5070185;1827130,9005300,9005300,0,0,4126000,2,0,0;4652400;4352900,29986200,7919390,22066810,21731596,3299904,2,2,1022075;5070185;1827130
44,1,4,14,3,12424500,5448272,12424500,0,6976228,6976228,0,0,4383993,3,0,6976228,8068500,8068500,0,0,4971200,3,0,8068500,75311800,6976228,68335572,67830507,4383993,3,3,6976228
45,4,3,13,5,48247400,17607137,2102800;14635300;13326900;18182400,9,30640263,30640263,0,0,1496909,3,0,1351847;9408728;8567587;11312101,31754300,31754300,0,0,1721600,3,0,1289500;8486800;10177400;11800600,120957400,30640263,90317137,89427791,1496909,3,3,1351847;9408728;8567587;11312101
46,2,3,9,3,17582000,7060108,14298900;3283100,8,10521892,10521892,0,0,2781666,3,0,8557131;1964761,11358000,11358000,0,0,3228800,3,0,8177900;3180100,85039100,10521892,74517208,74128234,2781666,3,3,8557131;1964761
47,4,3,10,2,42636400,18396962,2805000;19136600;6301400;14393400,9,24239438,24239438,0,0,3509307,2,0,1594685;10879447;3582441;8182865,25801600,25801600,0,0,4530500,2,0,0;14124700;3696600;7980300,66791600,24239438,42552162,41778893,3509307,2,2,1594685;10879447;3582441;8182865
48,3,4,16,5,33805400,20144498,2979700;17827900;12997800,10,13660902,13660902,0,0,4042320,4,0,956572;5895935;6808395,15448800,15448800,0,0,5321400,4,0,484500;8620400;6343900,87772000,13660902,74111098,73602280,4042320,4,4,956572;5895935;6808395
49,2,3,12,4,23430800,10831055,19226500;4204300,7,12599745,12599745,0,0,3186563,2,0,10550788;2048957,13924900,13924900,0,0,3895500,2,0,10114700;3810200,54993500,12599745,42393755,41777537,3186563,2,2,10550788;2048957
50,1,3,12,5,18387900,8722009,18387900,0,9665891,9665891,0,0,2418172,4,0,9665891,10151900,10151900,0,0,2772600,4,0,10151900,85947900,9665891,76282009,76150428,2418172,4,4,9665891
51,2,3,9,2,26467600,11541105,15503600;10964000,8,14926495,14926495,0,0,1114341,2,0,8743309;6183186,15529100,15529100,0,0,1218100,2,0,7712300;7816800,72481000,14926495,57554505,57055659,1114341,2,2,8743309;6183186
52,1,3,11,4,4346800,1918724,4346800,0,2428076,2428076,0,0,877341,3,0,2428076,3354800,3354800,0,0,1207000,3,0,3354800,88809400,2428076,86381324,85636159,877341,3,3,2428076
53,3,3,14,5,33383600,12757497,6735100;7575200;19073300,7,20626103,20626103,0,0,2602284,3,0,4161291;4680348;11784464,21146200,21146200,0,0,3032700,3,0,0;4164200;16982000,82375100,20626103,61748997,61659316,2602284,3,3,4161291;4680348;11784464
54,3,4,18,5,20074900,12224665,9861500;7982500;2230900,13,7850235,7850235,0,0,3039992,4,0,3632515;3344053;873667,9814300,9814300,0,0,4680500,4,0,3514700;4265300;2034300,79449300,7850235,71599065,71274308,3039992,4,4,3632515;3344053;873667
55,2,3,12,5,20701800,8071915,7755700;12946100,9,12629885,12629885,0,0,3596207,3,0,4686957;7942928,14187700,14187700,0,0,4359700,3,0,4196700;9991000,87390300,12629885,74760415,73966093,3596207,3,3,4686957;7942928
56,1,4,16,2,5573700,3202262,5573700,0,2371438,2371438,0,0,1652671,2,0,2371438,3055100,3055100,0,0,2202000,2,0,3055100,55263000,2371438,52891562,52643629,1652671,2,2,2371438
57,3,4,18,5,33256400,20558743,9931300;17665600;5659500,12,12697657,12697657,0,0,5680037,4,0,3776967;6756215;2164475,14817800,14817800,0,0,7281600,4,0,4105500;7694600;3017700,117621700,12697657,104924043,104388363,5680037,4,4,3776967;6756215;2164475
58,1,3,12,4,14490200,5215194,14490200,0,9275006,9275006,0,0,1376995,3,0,9275006,10863000,10863000,0,0,1620500,3,0,10863000,88397900,9275006,79122894,77778405,1376995,3,3,9275006
59,3,4,14,4,30547700,20203124,9597600;14082600;6867500,13,10344576,10344576,0,0,4303670,4,0,3420572;4488195;2435809,12746000,12746000,0,0,5954200,4,0,3497200;6541500;2707300,115268000,10344576,104923424,104172530,4303670,4,4,3420572;4488195;2435809
60,3,3,11,4,16877400,8504570,1402800;7964800;7509800,8,8372830,8372830,0,0,1969493,3,0,695925;3951314;3725591,9610900,9610900,0,0,2581900,3,0,0;4612100;4998800,90577400,8372830,82204570,81578907,1969493,3,3,695925;3951314;3725591
61,3,4,13,2,52845600,34159471,16306000;17875500;18664100,8,18686129,18686129,0,0,3474040,2,0,5938079;6379886;6368164,20245700,20245700,0,0,4674900,2,0,9265400;824800;10155500,60424200,18686129,41738071,41379360,3474040,2,2,5938079;6379886;6368164
62,4,4,18,4,41131700,19814803,8582700;6040900;19072400;7435700,15,21316897,21316897,0,0,13884006,4,0,4277072;3010401;9504471;4524953,22533100,22533100,0,0,14595600,4,0,6829900;5139800;6983900;3579500,185731200,21316897,164414303,163909694,13884006,4,4,4277072;3010401;9504471;4524953
63,5,3,16,5,57292300,19819772,9622300;15594500;15295000;1461400;15319100,13,37472528,37472528,0,0,2121819,4,0,6073967;10591126;9656824;966752;10183859,38734800,38734800,0,0,2526400,4,0,8895600;4313900;12027500;540800;12957000,157429100,37472528,119956572,119098881,2121819,4,4,6073967;10591126;9656824;966752;10183859
64,3,4,12,5,31282300,17501747,4444100;17403600;9434600,10,13780553,13780553,0,0,3496145,5,0,1957726;7666675;4156152,14816300,14816300,0,0,4104300,5,0,1893400;4571700;8351200,116401500,13780553,102620947,102193355,3496145,5,5,1957726;7666675;4156152
65,2,4,15,2,12937300,8527002,3204700;9732600,10,4410298,4410298,0,0,1941084,2,0,1145837;3264461,6232400,6232400,0,0,3242000,2,0,2783500;3448900,41212500,4410298,36802202,36281016,1941084,2,2,1145837;3264461
66,5,3,9,4,62863700,26082208,12727000;14692700;10615600;5829700;18998700,3,36781492,36781492,0,0,0,0,0,7446556;8596685;6211177;3410953;11116121,37196500,37196500,0,0,0,0,0,0;1752500;10615600;5829700;18998700,37196500,36781492,415008,0,0,0,0,7446556;8596685;6211177;3410953;11116121
67,2,4,16,4,21042700,11798745,14876400;6166300,13,9243955,9243955,0,0,4247143,4,0,6288905;2955050,11367700,11367700,0,0,5456100,4,0,8836000;2531700,98048000,9243955,88804045,87868657,4247143,4,4,6288905;2955050
68,3,3,12,5,32503500,13698452,5297700;17599000;9606800,11,18805048,18805048,0,0,3099874,5,0,2982624;10207592;5614832,20798100,20798100,0,0,4192600,5,0,1391600;10890800;8515700,184892900,18805048,166087852,165187526,3099874,5,5,2982624;10207592;5614832
69,4,3,9,4,47702700,20621675,8704500;13550600;17064400;8383200,7,27081025,27081025,0,0,1225867,2,0,4941581;7692733;9687533;4759178,27687800,27687800,0,0,1269700,2,0,4615200;6875600;8186700;8010300,85220300,27081025,58139275,57576333,1225867,2,2,4941581;7692733;9687533;4759178
70,4,4,14,3,43416500,26908719,15892400;5125500;8445200;13953400,14,16507781,16507781,0,0,4097455,3,0,6251517;1861373;3327590;5067301,17490700,17490700,0,0,4619200,3,0,5526900;692000;4787800;6484000,95284400,16507781,78776619,78315445,4097455,3,3,6251517;1861373;3327590;5067301
71,2,4,13,3,26675200,17195609,18468300;8206900,12,9479591,9479591,0,0,4428484,3,0,6168823;3310768,11490800,11490800,0,0,5858900,3,0,7264800;4226000,38543200,9479591,29063609,28482816,4428484,3,3,6168823;3310768
72,2,3,12,5,16208900,6944100,1689700;14519200,9,9264800,9264800,0,0,1705688,3,0,973763;8291037,10764300,10764300,0,0,2402200,3,0,813000;9951300,75828900,9264800,66564100,65761112,1705688,3,3,973763;8291037
73,1,3,8,3,4035700,1708205,4035700,0,2327495,2327495,0,0,42095,1,0,2327495,2334500,2334500,0,0,49100,1,0,2334500,8089500,2327495,5762005,5762005,42095,1,1,2327495
74,4,4,16,5,37405100,24138067,18452700;7903900;6114600;4933900,14,13267033,13267033,0,0,846135,3,0,6544898;2803395;2168757;1749983,14391700,14391700,0,0,1320300,3,0,3093300;3214300;5039200;3044900,79854600,13267033,66587567,65937065,846135,3,3,6544898;2803395;2168757;1749983
75,1,4,13,3,1458800,772666,1458800,0,686134,686134,0,0,433457,3,0,686134,1024200,1024200,0,0,567100,3,0,1024200,89169300,686134,88483166,88167843,433457,3,3,686134
76,5,3,10,4,58424900,28361781,19791500;15643900;2994800;2563700;17431000,9,30063119,30063119,0,0,1766983,3,0,10305239;8089384;1552906;1333972;8781618,31188900,31188900,0,0,2113400,3,0,9131400;4209600;1215100;1179300;15453500,154691000,30063119,124627881,123848517,1766983,3,3,10305239;8089384;1552906;1333972;8781618
77,3,4,14,4,42963400,22489734,13627100;11938600;17397700,13,20473666,20473666,0,0,6813392,4,0,6493821;5689191;8290654,21415300,21415300,0,0,7272800,4,0,4141200;5049500;12224600,128621400,20473666,108147734,107665508,6813392,4,4,6493821;5689191;8290654
78,2,3,12,5,24666100,10231378,6538600;18127500,4,14434722,14434722,0,0,1083664,1,0,3826420;10608302,15173500,15173500,0,0,1421500,1,0,1421500;13752000,36566900,14434722,22132178,21731236,1083664,1,1,3826420;10608302
79,2,3,12,4,22066800,8353352,14748600;7318200,9,13713448,13713448,0,0,4621355,4,0,9171064;4542384,15057100,15057100,0,0,5427500,4,0,7738900;7318200,110053600,13713448,96340152,95802645,4621355,4,4,9171064;4542384
80,1,3,14,5,11405500,4562614,11405500,0,6842886,6842886,0,0,2589083,4,0,6842886,8676700,8676700,0,0,3402400,4,0,8676700,81555300,6842886,74712414,73667717,2589083,4,4,6842886
81,4,3,13,2,52075500,21203021,15711500;16136500;16161100;4066400,11,30872479,30872479,0,0,5555965,2,0,9091390;10078573;9350832;2351684,33079300,33079300,0,0,6533900,2,0,2646500;12882800;13483600;4066400,66569200,30872479,35696721,34467835,5555965,2,2,9091390;10078573;9350832;2351684
82,1,4,16,5,13851800,6320591,13851800,0,7531209,7531209,0,0,3369295,4,0,7531209,8395700,8395700,0,0,4098700,4,0,8395700,94878900,7531209,87347691,87004305,3369295,4,4,7531209
83,2,3,12,2,10637800,4652183,2970400;7667400,9,5985617,5985617,0,0,1830388,2,0,1623077;4362540,7288100,7288100,0,0,2601800,2,0,1834700;5453400,18536100,5985617,12550483,11976512,1830388,2,2,1623077;4362540
84,3,4,14,3,32664600,19712872,15605100;2289900;14769600,13,12951728,12951728,0,0,4174677,3,0,6228999;844484;5878245,14361200,14361200,0,0,4934400,3,0,5257700;2289900;6813600,89776100,12951728,76824372,76174623,4174677,3,3,6228999;844484;5878245
85,3,3,11,4,25546800,13466206,3910500;15853300;5783000,5,12080594,12080594,0,0,2052979,2,0,1849201;7496722;2734671,12647600,12647600,0,0,2386000,2,0,0;6864600;5783000,33019200,12080594,20938606,20704621,2052979,2,2,1849201;7496722;2734671
86,3,3,11,3,36765200,17721932,14655200;8654500;13455500,7,19043268,19043268,0,0,1588976,2,0,7464553;4408126;7170589,20350300,20350300,0,0,2158500,2,0,5550800;3729100;11070400,58792300,19043268,39749032,39011524,1588976,2,2,7464553;4408126;7170589
87,4,3,10,3,41426400,21643725,14373600;8197700;17824900;1030200,8,19782675,19782675,0,0,2468749,3,0,6863939;3914712;8512065;491959,20573600,20573600,0,0,2820300,3,0,848100;4825600;13869700;1030200,101474400,19782675,81691725,81252351,2468749,3,3,6863939;3914712;8512065;491959
88,2,3,11,4,25627800,11669047,15403500;10224300,6,13958753,13958753,0,0,2535470,3,0,8588845;5369908,14576600,14576600,0,0,2650700,3,0,4691300;9885300,131800800,13958753,117842047,117339430,2535470,3,3,8588845;5369908
89,1,3,11,2,14818100,7607819,14818100,0,7210281,7210281,0,0,359860,1,0,7210281,7750000,7750000,0,0,462500,1,0,7750000,47070700,7210281,39860419,39423340,359860,1,1,7210281
90,4,3,14,4,48661600,20760082,12062300;19635800;2226900;14736600,12,27901518,27901518,0,0,3764388,4,0,6871750;11347569;1286932;8395267,28539200,28539200,0,0,3907300,4,0,8235100;4906500;2226900;13170700,94774500,27901518,66872982,66378212,3764388,4,4,6871750;11347569;1286932;8395267
91,4,3,11,3,25418600,12204382,2119500;6882100;10071700;6345300,7,13214218,13214218,0,0,398493,1,0,1101852;3577756;5235915;3298695,14335600,14335600,0,0,612800,1,0,0;0;9215500;5120100,39690800,13214218,26476582,25546907,398493,1,1,1101852;3577756;5235915;3298695
92,4,3,9,2,38098000,16267123,3832000;8090700;7124700;19050600,9,21830877,21830877,0,0,1030784,2,0,2201274;4627736;4058338;10943529,22526300,22526300,0,0,1299800,2,0,1888500;4193600;2763100;13681100,83129800,21830877,61298923,60872516,1030784,2,2,2201274;4627736;4058338;10943529
93,4,4,12,2,36687000,22929140,10462400;10645100;6499000;9080500,10,13757860,13757860,0,0,4268376,2,0,3833990;4214698;2381586;3327586,15863800,15863800,0,0,5920600,2,0,2709700;5782200;2082500;5289400,60034400,13757860,46276540,45822824,4268376,2,2,3833990;4214698;2381586;3327586
94,1,4,14,4,18578200,9638185,18578200,0,8940015,8940015,0,0,4116634,4,0,8940015,10848200,10848200,0,0,5667800,4,0,10848200,103707100,8940015,94767085,94410066,4116634,4,4,8940015
95,1,4,16,4,17787100,11287541,17787100,0,6499559,6499559,0,0,466545,4,0,6499559,7060700,7060700,0,0,647300,4,0,7060700,124455100,6499559,117955541,117426055,466545,4,4,6499559
96,2,3,9,2,26028500,11628393,19259200;6769300,9,14400107,14400107,0,0,3063662,2,0,10662682;3737425,15476100,15476100,0,0,3472400,2,0,10338900;5137200,84067200,14400107,69667093,68999838,3063662,2,2,10662682;3737425
97,5,4,16,5,53582200,36197536,1967900;12067900;8418200;19711500;11416700,9,17384664,17384664,0,0,2006200,3,0,638483;3915412;2731273;6395366;3704130,17796200,17796200,0,0,2369200,3,0,0;0;1205200;5174300;11416700,121770000,17384664,104385336,103637100,2006200,3,3,638483;3915412;2731273;6395366;3704130
98,1,3,8,2,5153600,2469082,5153600,0,2684518,2684518,0,0,116964,2,0,2684518,2982000,2982000,0,0,161000,2,0,2982000,32928900,2684518,30244382,29990936,116964,2,2,2684518
99,1,3,12,2,12290600,5804375,12290600,0,6486225,6486225,0,0,1069532,2,0,6486225,7200700,7200700,0,0,1502000,2,0,7200700,53875400,6486225,47389175,46757968,1069532,2,2,6486225
100,4,3,13,4,61121700,29412273,10906700;17936800;15981100;16297100,11,31709427,31709427,0,0,5739003,3,0,5642684;9221117;8305976;8539650,33770600,33770600,0,0,7250700,3,0,6339000;7908700;10137100;9385800,102069500,31709427,70360073,69810597,5739003,3,3,5642684;9221117;8305976;8539650
101,1,4,15,2,13865900,8174452,13865900,0,5691448,5691448,0,0,1331900,2,0,5691448,6618300,6618300,0,0,1922300,2,0,6618300,36181700,5691448,30490252,29809300,1331900,2,2,5691448
102,4,4,11,2,60152000,32650456,13277900;18004400;10009000;18860700,10,27501544,27501544,0,0,4511471,2,0,6070667;8231627;4576123;8623127,28862900,28862900,0,0,5218600,2,0,582800;10461600;4260700;13557800,59285900,27501544,31784356,31130129,4511471,2,2,6070667;8231627;4576123;8623127
103,1,4,17,4,7265200,3727678,7265200,0,3537522,3537522,0,0,2085131,3,0,3537522,4275800,4275800,0,0,2511800,2,0,4275800,59606100,3537522,56068578,55477169,2085131,3,3,3537522
104,1,3,11,4,6351800,2717583,6351800,0,3634217,3634217,0,0,1605265,3,0,3634217,5008700,5008700,0,0,2278800,3,0,5008700,78728600,3634217,75094383,73897335,1605265,3,3,3634217
105,3,3,14,3,34076500,16966594,11295500;4790600;17990400,8,17109906,17109906,0,0,592364,3,0,5671503;2405374;9033029,17634800,17634800,0,0,662100,3,0,0;3405400;14229400,97584300,17109906,80474394,79866836,592364,3,3,5671503;2405374;9033029
106,3,4,18,5,29510800,20272919,12002500;4469300;13039000,5,9237881,9237881,0,0,2428296,2,0,4236343;1276731;3724807,9663500,9663500,0,0,2537300,2,0,5026000;0;4637500,75190500,9237881,65952619,65636004,2428296,2,2,4236343;1276731;3724807
107,1,3,10,2,13863900,6112557,13863900,0,7751343,7751343,0,0,2843206,2,0,7751343,8291700,8291700,0,0,3200000,2,0,8291700,62381400,7751343,54630057,54446494,2843206,2,2,7751343
108,3,3,12,3,33097700,13407217,17654500;9571300;5871900,11,19690483,19690483,0,0,5776776,3,0,10363970;5989410;3337103,21963000,21963000,0,0,6981600,3,0,8271500;8297300;5394200,96526300,19690483,76835817,75768124,5776776,3,3,10363970;5989410;3337103
109,2,4,16,5,18896000,11932137,16917400;1978600,0,6963863,6963863,0,0,1516391,3,0,6020317;943546,7695900,7695900,0,0,1783800,3,0,6433100;1262800,60871700,6963863,53907837,53443209,1516391,3,3,6020317;943546
110,4,4,17,4,52146900,31997793,11626500;3993500;18761200;17765700,16,20149107,20149107,0,0,5776546,3,0,4235584;1471185;7400974;7041364,23338800,23338800,0,0,8193300,3,0,5317500;2835900;9341200;5844200,74828100,20149107,54678993,53906054,5776546,3,3,4235584;1471185;7400974;7041364
111,3,4,14,4,34198700,19058895,12812400;3962900;17423400,12,15139805,15139805,0,0,2458751,4,0,5672066;1754380;7713359,16062500,16062500,0,0,3084100,4,0,6239100;0;9823400,118357700,15139805,103217895,102736549,2458751,4,4,5672066;1754380;7713359
112,2,3,11,4,18434900,7651346,8369400;10065500,7,10783554,10783554,0,0,968580,2,0,4895709;5887845,11318300,11318300,0,0,1322000,2,0,1668300;9650000,43186500,10783554,32402946,32221620,968580,2,2,4895709;5887845
113,5,3,10,2,26029800,12443067,5040600;1922900;2094900;15807400;1164000,10,13586733,13586733,0,0,3975960,2,0,2534030;974556;1110296;8377916;589935,14555600,14555600,0,0,4377700,2,0,1817200;0;97000;11834300;807100,72125200,13586733,58538467,57968940,3975960,2,2,2534030;974556;1110296;8377916;589935
114,1,3,10,4,16511900,9125196,16511900,0,7386704,7386704,0,0,2798502,4,0,7386704,8648900,8648900,0,0,3772300,4,0,8648900,88429000,7386704,81042296,80753898,2798502,4,4,7386704
115,5,4,15,5,72262000,38914048,6246200;19010500;12434000;15552900;19018400,12,33347952,33347952,0,0,4384688,4,0,2882537;8773092;5738127;7177456;8776740,34602800,34602800,0,0,5403000,4,0,2664100;6234700;6390900;8157100;11156000,135555800,33347952,102207848,101857312,4384688,4,4,2882537;8773092;5738127;7177456;8776740
116,5,4,15,3,41012300,23681831,4107000;2319200;7295100;15599600;11691400,14,17330469,17330469,0,0,3536403,3,0,1654804;984326;3121316;6577579;4992444,18337700,18337700,0,0,4167000,3,0,0;161100;2845700;8039400;7291500,108943600,17330469,91613131,91236497,3536403,3,3,1654804;984326;3121316;6577579;4992444
117,1,3,11,3,5260300,1493857,5260300,0,3766443,3766443,0,0,2550387,3,0,3766443,4233300,4233300,0,0,2580500,2,0,4233300,80762300,3766443,76995857,76554413,2550387,3,3,3766443
118,4,3,12,5,36561000,16055602,2012400;7923500;16677200;9947900,8,20505398,20505398,0,0,2856803,2,0,1128664;4443929;9353482;5579323,21742000,21742000,0,0,3165000,2,0,0;4601600;11771900;5368500,56479300,20505398,35973902,34953497,2856803,2,2,1128664;4443929;9353482;5579323
119,5,4,15,4,51954200,32979797,7210000;10444400;18496300;13631700;2171800,13,18974403,18974403,0,0,3832064,3,0,2648612;3852867;6719872;4952519;800533,20201900,20201900,0,0,4679100,3,0,874500;7990800;1510500;7893800;1932300,89539000,18974403,70564597,70184136,3832064,3,3,2648612;3852867;6719872;4952519;800533
120,3,3,16,5,25344200,10522566,15839000;6010300;3494900,12,14821634,14821634,0,0,3483932,3,0,9282284;3541887;1997463,15721100,15721100,0,0,3736100,3,0,7551400;4869600;3300100,87796800,14821634,72975166,72327868,3483932,3,3,9282284;3541887;1997463
121,4,3,11,4,51876200,23146987,7994300;18705800;9655300;15520800,10,28729213,28729213,0,0,4530453,4,0,4445556;10402122;5369223;8512312,30468400,30468400,0,0,5904900,4,0,3246600;3473900;8532500;15215400,145136600,28729213,116407387,116042647,4530453,4,4,4445556;10402122;5369223;8512312
122,4,3,14,3,46132100,16113686,6964700;13462600;15662300;10042500,12,30018414,30018414,0,0,6139825,3,0,4452342;8714423;10140405;6711244,31972900,31972900,0,0,6794000,3,0,2925100;11985700;8964900;8097200,91535400,30018414,61516986,60126475,6139825,3,3,4452342;8714423;10140405;6711244
123,1,3,8,3,19981500,10088385,19981500,0,9893115,9893115,0,0,2426338,3,0,9893115,10385300,10385300,0,0,2680500,3,0,10385300,74361100,9893115,64467985,64065762,2426338,3,3,9893115
124,5,4,15,3,42038900,28877413,7082100;6306300;7643800;11605300;9401400,15,13161487,13161487,0,0,4463321,3,0,2124031;1873276;2295836;3827996;3040348,15883800,15883800,0,0,6661700,3,0,2195200;3146600;2769100;3977400;3795500,82745400,13161487,69583913,69059979,4463321,3,3,2124031;1873276;2295836;3827996;3040348
125,3,4,18,4,22169800,12679987,3543300;11561800;7064700,14,9489813,9489813,0,0,3660297,4,0,1494701;4943233;3051879,11142500,11142500,0,0,4941900,4,0,1302400;3541500;6298600,104952200,9489813,95462387,94793303,3660297,4,4,1494701;4943233;3051879
126,5,3,10,3,59025900,30771735,15997800;14856500;10369900;16456000;1345700,10,28254165,28254165,0,0,1069121,3,0,7067438;7455105;5203695;7892223;635704,29155600,29155600,0,0,1322400,3,0,4090300;0;10199800;13519800;1345700,89922500,28254165,61668335,61020179,1069121,3,3,7067438;7455105;5203695;7892223;635704
127,1,4,13,3,16076300,9995993,16076300,0,6080307,6080307,0,0,2886077,3,0,6080307,7688400,7688400,0,0,4215800,3,0,7688400,69906900,6080307,63826593,63548223,2886077,3,3,6080307
128,2,3,15,5,12118300,6221227,5002900;7115400,4,5897073,5897073,0,0,1858743,3,0,2340316;3556757,6222200,6222200,0,0,2013900,3,0,3811600;2410600,95914000,5897073,90016927,89709157,1858743,3,3,2340316;3556757
129,3,3,11,2,39888200,20886430,5334900;16371500;18181800,10,19001770,19001770,0,0,1465528,2,0,2541416;7798986;8661368,19913100,19913100,0,0,1572900,2,0,0;4097200;15815900,66816600,19001770,47814830,47010872,1465528,2,2,2541416;7798986;8661368
130,3,4,13,3,19218400,12431133,7767600;2910300;8540500,5,6787267,6787267,0,0,0,0,0,2743244;1027817;3016206,7081600,7081600,0,0,0,0,0,0;36800;7044800,7102200,6787267,314933,0,0,0,0,2743244;1027817;3016206
131,4,3,12,4,56640700,20697203,14174000;17547300;12725000;12194400,11,35943497,35943497,0,0,5424996,4,0,9529803;10712403;8089134;7612157,37095000,37095000,0,0,5837800,4,0,8785900;9964200;10895300;7449600,129812300,35943497,93868803,93130104,5424996,4,4,9529803;10712403;8089134;7612157
132,5,3,12,2,48863700,25284161,15817000;3665900;5146800;18510900;5723100,11,23579539,23579539,0,0,2076510,2,0,8126901;1710576;2376037;8652866;2713159,25045400,25045400,0,0,2828100,2,0,8848300;0;876400;9597600;5723100,59516400,23579539,35936861,35031590,2076510,2,2,8126901;1710576;2376037;8652866;2713159
133,4,3,13,4,26082100,12557546,8901100;10251300;1875500;5054200,13,13524554,13524554,0,0,2523120,4,0,4667190;5280105;974007;2603252,14452300,14452300,0,0,2969100,4,0,3173500;6192400;1875500;3210900,64246500,13524554,50721946,50240180,2523120,4,4,4667190;5280105;974007;2603252
134,4,3,12,5,38777000,14633156,18709100;1706600;13825300;4536000,9,24143844,24143844,0,0,2946353,4,0,11648906;1062584;8608089;2824265,24834300,24834300,0,0,3222300,4,0,9235800;1706600;9355900;4536000,143586700,24143844,119442856,118820947,2946353,4,4,11648906;1062584;8608089;2824265
135,2,3,10,3,30568800,15917769,12891100;17677700,5,14651031,14651031,0,0,1077858,2,0,6178453;8472578,15361900,15361900,0,0,1184800,2,0,437500;14924400,83949400,14651031,69298369,68694442,1077858,2,2,6178453;8472578
136,2,4,15,4,14844200,8796472,7733600;7110600,12,6047728,6047728,0,0,3089003,4,0,2993299;3054429,7421600,7421600,0,0,4209700,4,0,3281900;4139700,119100400,6047728,113052672,112799497,3089003,4,4,2993299;3054429
137,4,3,8,2,30224000,12541866,10094300;3032600;10036800;7060300,6,17682134,17682134,0,0,2138783,2,0,5905531;1774180;5871891;4130532,18841900,18841900,0,0,2683900,2,0,601800;2437300;8742500;7060300,50154700,17682134,32472566,31857917,2138783,2,2,5905531;1774180;5871891;4130532
138,3,4,17,5,13760300,7160967,5420800;6382400;1957100,13,6599333,6599333,0,0,3686636,4,0,2721066;3079708;798559,6826700,6826700,0,0,3848600,4,0,3906800;2533300;386600,131642300,6599333,125042967,124766264,3686636,4,4,2721066;3079708;798559
139,5,3,12,2,58227700,23100458,17063200;8590800;13640800;9188600;9744300,11,35127242,35127242,0,0,5256940,2,0,9942185;5598235;8475034;5554361;5557427,37181100,37181100,0,0,6253100,2,0,16284500;1476900;11442400;5327700;2649600,106590000,35127242,71462758,70405060,5256940,2,2,9942185;5598235;8475034;5554361;5557427
140,4,3,10,2,57465800,27839702,18394700;8317900;13566600;17186600,8,29626098,29626098,0,0,4383251,2,0,9626368;4156415;6779166;9064149,29923500,29923500,0,0,4503700,2,0,1106900;2983900;13566600;12266100,74775800,29626098,45149702,44683549,4383251,2,2,9626368;4156415;6779166;9064149
141,4,3,11,2,58932000,26482408,15220200;14431500;13572300;15708000,10,32449592,32449592,0,0,3587263,2,0,8471825;7805810;7428614;8743343,34951100,34951100,0,0,5288100,2,0,8652800;3851100;8689900;13757300,80748500,32449592,48298908,47212837,3587263,2,2,8471825;7805810;7428614;8743343
142,3,4,16,4,29009500,15030392,6589600;12847700;9572200,16,13979108,13979108,0,0,8005961,4,0,3305142;6327719;4346247,15727200,15727200,0,0,9365800,4,0,3145100;5009500;7572600,150705800,13979108,136726692,136338439,8005961,4,4,3305142;6327719;4346247
143,1,3,15,5,3483300,1614226,3483300,0,1869074,1869074,0,0,980311,3,0,1869074,3022800,3022800,0,0,1683700,3,0,3022800,61781200,1869074,59912126,59422489,980311,3,3,1869074
144,3,3,14,4,15001400,5316423,1684500;6242600;7074300,10,9684977,9684977,0,0,6571675,4,0,1150716;4056135;4478126,11722600,11722600,0,0,8178100,4,0,1684500;5413900;4624200,94010300,9684977,84325323,83882325,6571675,4,4,1150716;4056135;4478126
145,4,4,15,5,29608900,19544906,3579700;7880800;1837300;16311100,13,10063994,10063994,0,0,3292850,4,0,1321034;2515697;630433;5596830,11595600,11595600,0,0,4368500,4,0,2206700;2101200;881900;6405800,100803600,10063994,90739606,90283650,3292850,4,4,1321034;2515697;630433;5596830
146,5,3,13,2,62258200,30173910,6858600;10930600;13039000;16809100;14620900,11,32084290,32084290,0,0,3772913,2,0,3641329;5837568;6424474;8977024;7203895,34532900,34532900,0,0,5138200,2,0,1026000;7119400;4123700;12550300;9713500,69574800,32084290,37490510,36407187,3772913,2,2,3641329;5837568;6424474;8977024;7203895
147,5,4,12,2,61389900,37031630,12569400;18015900;14503200;6195800;10105600,11,24358270,24358270,0,0,3615382,2,0,5967956;6215701;5003779;2515990;4654844,25461500,25461500,0,0,3833200,2,0,1925800;0;8447500;5637500;9450700,57045300,24358270,32687030,31801618,3615382,2,2,5967956;6215701;5003779;2515990;4654844
148,1,3,14,4,17552500,7419393,17552500,0,10133107,10133107,0,0,2877653,3,0,10133107,11779100,11779100,0,0,4127800,3,0,11779100,128026600,10133107,117893493,117497647,2877653,3,3,10133107
149,2,4,15,5,39529100,23407458,19823400;19705700,15,16121642,16121642,0,0,5145600,5,0,8088094;8033548,16954900,16954900,0,0,5500000,5,0,6395900;10559000,137530900,16121642,121409258,120930400,5145600,5,5,8088094;8033548
150,3,4,12,3,35521400,19026019,10637600;11508400;13375400,6,16495381,16495381,0,0,2517935,2,0,4939874;5344257;6211250,16798500,16798500,0,0,2736200,2,0,1507600;1915500;13375400,67410700,16495381,50915319,50775765,2517935,2,2,4939874;5344257;6211250
151,5,3,12,2,44140800,18789977,12255400;9845200;2130500;8946400;10963300,12,25350823,25350823,0,0,4152844,2,0,7621254;5980844;1042496;5341667;5364562,28026500,28026500,0,0,5655700,2,0,11871600;6090300;403900;4579200;5081500,65890800,25350823,40539977,39367156,4152844,2,2,7621254;5980844;1042496;5341667;5364562
152,2,4,13,5,33500500,21398276,15079500;18421000,11,12102224,12102224,0,0,1439416,3,0,5447545;6654679,13152400,13152400,0,0,1982500,3,0,1478400;11674000,116791000,12102224,104688776,104181684,1439416,3,3,5447545;6654679
153,2,4,11,3,10068700,5482087,2164700;7904000,11,4586613,4586613,0,0,2749609,3,0,1039319;3547294,6457100,6457100,0,0,4323800,3,0,1698000;4759100,105584700,4586613,100998087,100701791,2749609,3,3,1039319;3547294
154,2,4,15,3,12068400,8730130,2849600;9218800,9,3338270,3338270,0,0,876417,2,0,788236;2550034,3964800,3964800,0,0,1205100,2,0,0;3964800,48762100,3338270,45423830,45125983,876417,2,2,788236;2550034
155,5,4,13,3,47998100,25868194,16610400;10012000;2471300;9898200;9006200,13,22129906,22129906,0,0,2223441,3,0,7710400;4663345;1127934;4517674;4110553,23782000,23782000,0,0,2872100,3,0,4705700;10012000;615100;1647800;6801400,104499200,22129906,82369294,81365859,2223441,3,3,7710400;4663345;1127934;4517674;4110553
156,3,4,17,5,28492700,17396200,17723900;3941500;6827300,12,11096500,11096500,0,0,1777297,2,0,6902584;1535020;2658896,12037800,12037800,0,0,2322400,2,0,6925500;51200;5061100,48530200,11096500,37433700,36858603,1777297,2,2,6902584;1535020;2658896
157,4,3,10,3,31142500,13694813,4929400;1940300;4943600;19329200,7,17447687,17447687,0,0,3500510,2,0,2761712;1087060;2769669;10829246,18616700,18616700,0,0,4183700,2,0,641000;1516000;4530500;11929200,67164200,17447687,49716513,49145090,3500510,2,2,2761712;1087060;2769669;10829246
158,4,4,14,5,47180500,30673431,13287000;6995300;18237900;8660300,13,16507069,16507069,0,0,1744427,4,0,4649169;2419775;6332994;3105131,17675600,17675600,0,0,2290100,4,0,581500;1058700;9938000;6097400,120089200,16507069,103582131,102959273,1744427,4,4,4649169;2419775;6332994;3105131
159,5,4,13,2,77451900,49616637,13474600;19824800;12068000;15790200;16294300,8,27835263,27835263,0,0,3773178,2,0,4842605;7124791;4337091;5674805;5855971,29878200,29878200,0,0,5264400,2,0,1471100;678600;2377400;9215500;16135600,50939100,27835263,23103837,22552122,3773178,2,2,4842605;7124791;4337091;5674805;5855971
160,4,3,10,4,31208200,13857432,2279900;15017000;9446400;4464900,7,17350768,17350768,0,0,3077241,3,0,1245920;8395812;5243469;2465567,18356500,18356500,0,0,3840300,3,0,300300;6656100;6935200;4464900,72248500,17350768,54897732,54655059,3077241,3,3,1245920;8395812;5243469;2465567
161,5,3,11,5,56361400,22357708,15642400;7127100;12701400;12221000;8669500,8,34003692,34003692,0,0,2689427,4,0,9437299;4299888;7662948;7373115;5230442,35103800,35103800,0,0,3407600,4,0,2772400;153100;12701400;10807400;8669500,113944100,34003692,79940408,79414473,2689427,4,4,9437299;4299888;7662948;7373115;5230442
162,2,3,16,5,24606700,8369243,17287900;7318800,9,16237457,16237457,0,0,1979751,4,0,11656864;4580593,17446900,17446900,0,0,2627800,4,0,10390000;7056900,134519400,16237457,118281943,117473549,1979751,4,4,11656864;4580593
163,4,4,15,3,25288900,13939846,2766600;10617100;9897100;2008100,14,11349054,11349054,0,0,3508094,3,0,1248644;4749689;4448391;902330,12514700,12514700,0,0,4282800,3,0,1803400;5266700;4049100;1395500,105675700,11349054,94326646,93935706,3508094,3,3,1248644;4749689;4448391;902330
164,3,4,14,2,20297800,11564750,13694600;4008300;2594900,6,8733050,8733050,0,0,3288613,2,0,6273403;1468466;991181,10036400,10036400,0,0,4321300,2,0,7587500;812800;1636100,79584500,8733050,70851450,70323887,3288613,2,2,6273403;1468466;991181
165,3,3,8,2,32884000,16659309,13488600;14324200;5071200,5,16224691,16224691,0,0,1907601,2,0,6655162;7067441;2502088,16729500,16729500,0,0,2049100,2,0,914900;10743400;5071200,83591700,16224691,67367009,66815099,1907601,2,2,6655162;7067441;2502088
166,3,4,14,3,23069800,14042207,14439100;1242300;7388400,9,9027593,9027593,0,0,2169463,2,0,5650257;486133;2891203,10010400,10010400,0,0,2847000,2,0,2625400;1099600;6285400,56009700,9027593,46982107,46607937,2169463,2,2,5650257;486133;2891203
167,5,4,16,5,71716900,45995272,13193400;3801800;16961500;19011000;18749200,16,25721628,25721628,0,0,4812000,5,0,4753950;1395806;5815462;7328014;6428396,27267900,27267900,0,0,5652300,5,0,879700;78000;2968400;11348500;11993300,122234300,25721628,96512672,95806700,4812000,5,5,4753950;1395806;5815462;7328014;6428396
168,1,3,12,4,3430200,1562689,3430200,0,1867511,1867511,0,0,468331,2,0,1867511,2556500,2556500,0,0,579500,2,0,2556500,41416200,1867511,39548689,38970869,468331,2,2,1867511
169,3,3,13,4,45384500,17810215,15499700;11370300;18514500,12,27574285,27574285,0,0,2867153,3,0,8673306;7357617;11543362,28736400,28736400,0,0,2931000,3,0,7185200;7132400;14418800,104271100,27574285,76696815,75598547,2867153,3,3,8673306;7357617;11543362
170,4,3,11,4,37298200,17897350,11874300;5432500;12565400;7426000,10,19400850,19400850,0,0,3311956,3,0,6284598;2760709;6494118;3861425,20783000,20783000,0,0,3697200,3,0,605800;2070800;11313200;6793200,69944400,19400850,50543550,49514444,3311956,3,3,6284598;2760709;6494118;3861425
171,2,3,13,4,15955600,6759874,2048100;13907500,8,9195726,9195726,0,0,2081177,3,0,1172843;8022883,10644600,10644600,0,0,2941100,3,0,1052500;9592100,89698700,9195726,80502974,79738923,2081177,3,3,1172843;8022883
172,3,4,16,5,22739900,14329549,5420700;5131800;12187400,15,8410351,8410351,0,0,1996457,4,0,2004845;1897995;4507511,9299600,9299600,0,0,2491800,4,0,483500;3288600;5527500,95892600,8410351,87482249,87088343,1996457,4,4,2004845;1897995;4507511
173,1,4,15,5,9956200,5803627,9956200,0,4152573,4152573,0,0,2000045,4,0,4152573,5141800,5141800,0,0,2946400,4,0,5141800,94105400,4152573,89952827,89744855,2000045,4,4,4152573
174,1,3,10,4,6121300,3007916,6121300,0,3113384,3113384,0,0,909131,3,0,3113384,3695400,3695400,0,0,1296500,3,0,3695400,62684800,3113384,59571416,59376769,909131,3,3,3113384
175,4,4,13,2,31220300,18171215,7495300;16445600;1537700;5741700,12,13049085,13049085,0,0,2356324,2,0,3132797;6873733;642711;2399844,14014600,14014600,0,0,2781800,2,0,1664600;7137600;778400;4434000,99298700,13049085,86249615,85709576,2356324,2,2,3132797;6873733;642711;2399844
176,5,4,15,3,68979000,41918832,7289200;19573300;14919300;19888900;7308300,15,27060168,27060168,0,0,2213570,3,0,2879582;7516057;6091697;7637247;2935585,28460800,28460800,0,0,3160000,3,0,1355000;0;3201600;18331400;5572800,58146900,27060168,31086732,30626430,2213570,3,3,2879582;7516057;6091697;7637247;2935585
177,4,4,19,4,51198900,30737416,11761900;6921500;15348900;17166600,18,20461484,20461484,0,0,5593249,4,0,4626107;2813754;6036921;6984702,22238300,22238300,0,0,6796900,4,0,3834900;3616300;5051000;9736100,77009200,20461484,56547716,55974551,5593249,4,4,4626107;2813754;6036921;6984702
178,3,4,17,5,37993900,24826135,17871000;11348900;8774000,17,13167765,13167765,0,0,6525060,5,0,6293225;4067934;2806606,14961500,14961500,0,0,7914000,5,0,5495300;6479900;2986300,161518400,13167765,148350635,147945840,6525060,5,5,6293225;4067934;2806606
179,4,4,16,5,48223500,26608907,16613600;6034000;18025300;7550600,15,21614593,21614593,0,0,5227236,5,0,7163237;2644316;8154147;3652893,23796100,23796100,0,0,7034300,5,0,7674100;2260800;7827800;6033400,135985400,21614593,114370807,113906364,5227236,5,5,7163237;2644316;8154147;3652893
180,4,4,19,5,23152400,15113778,10051900;8733000;1903900;2463600,14,8038622,8038622,0,0,1367311,3,0,3455994;3055356;673022;854250,9294300,9294300,0,0,1746000,3,0,1387900;4769800;986000;2150600,70441000,8038622,62402378,61525389,1367311,3,3,3455994;3055356;673022;854250
181,2,3,12,5,7025500,2941697,5698300;1327200,6,4083803,4083803,0,0,852399,3,0,3254760;829043,5160900,5160900,0,0,1365700,3,0,3833700;1327200,77009900,4083803,72926097,72362301,852399,3,3,3254760;829043
182,2,4,14,4,10473700,6134503,4733000;5740700,11,4339197,4339197,0,0,1392715,2,0,2049625;2289572,5277500,5277500,0,0,1956300,2,0,1438200;3839300,37168300,4339197,32829103,32270885,1392715,2,2,2049625;2289572
183,4,3,13,3,65475000,31110177,11402700;19779700;17877700;16414900,10,34364823,34364823,0,0,2781296,2,0,6645005;9228015;10418357;8073446,35420800,35420800,0,0,2893700,2,0,6037300;74300;15297800;14011400,108795200,34364823,74430377,73486804,2781296,2,2,6645005;9228015;10418357;8073446
184,5,4,16,4,56250100,37044668,10454500;12467300;17907100;14279800;1141400,7,19205432,19205432,0,0,1498733,2,0,3569473;4256701;6114008;4875542;389708,19388500,19388500,0,0,1521400,2,0,0;742200;6473100;11031800;1141400,56776000,19205432,37570568,37330967,1498733,2,2,3569473;4256701;6114008;4875542;389708
185,4,3,10,3,21885300,10886734,1364200;12682500;1012500;6826100,9,10998566,10998566,0,0,3287423,3,0,755614;6206621;560812;3475519,12305200,12305200,0,0,4263100,3,0,930000;7859700;76900;3438600,92955500,10998566,81956934,81625977,3287423,3,3,755614;6206621;560812;3475519
186,5,3,11,2,66120200,29822494,16632100;8120500;15850000;19542000;5975600,11,36297706,36297706,0,0,5009516,2,0,9284246;4532965;8847668;10497585;3135242,38677300,38677300,0,0,6481200,2,0,13615500;1184800;13960400;5893900;4022700,84708600,36297706,48410894,47502984,5009516,2,2,9284246;4532965;8847668;10497585;3135242
187,4,3,13,5,48131300,20453172,14962200;15812500;5246000;12110600,5,27678128,27678128,0,0,1784251,4,0,8735489;8809209;3062811;7070619,29520500,29520500,0,0,2759100,4,0,9265800;4281200;3862900;12110600,122313800,27678128,94635672,93768149,1784251,4,4,8735489;8809209;3062811;7070619
188,3,4,15,2,41325700,26800926,14182800;12523000;14619900,13,14524774,14524774,0,0,3971561,2,0,5948222;3956990;4619562,16126000,16126000,0,0,4575500,2,0,3942400;3214300;8969300,38673400,14524774,24148626,23151339,3971561,2,2,5948222;3956990;4619562
189,1,3,11,3,17544300,8906245,17544300,0,8638055,8638055,0,0,1931918,3,0,8638055,9189700,9189700,0,0,2457600,3,0,9189700,65011200,8638055,56373145,56108382,1931918,3,3,8638055
190,5,4,15,5,49520900,32728819,15791800;18542600;4050000;4782700;6353800,12,16792081,16792081,0,0,3157603,4,0,5354853;6287624;1373319;1621770;2154515,18256800,18256800,0,0,4329500,4,0,2362700;7749400;0;1790900;6353800,155055000,16792081,138262919,137727397,3157603,4,4,5354853;6287624;1373319;1621770;2154515
191,5,4,12,2,63280600,40794763,16196500;7707800;2406900;19713700;17255700,10,22485837,22485837,0,0,4705806,2,0,6162524;3005246;1070605;7279119;4968343,23080700,23080700,0,0,5083500,2,0,9307600;5010000;2406900;2172200;4184000,88472400,22485837,65986563,65769394,4705806,2,2,6162524;3005246;1070605;7279119;4968343
192,4,3,12,5,31479500,15485772,12504200;9640800;8239400;1095100,10,15993728,15993728,0,0,3217764,3,0,6475397;4747444;4232983;537904,17858500,17858500,0,0,4360000,3,0,5412900;3359500;8239400;846700,71118200,15993728,55124472,54401936,3217764,3,3,6475397;4747444;4232983;537904
193,2,3,13,5,15817900,6570056,11538300;4279600,5,9247844,9247844,0,0,2259161,3,0,6613461;2634383,9892400,9892400,0,0,2603000,3,0,6781800;3110600,133914200,9247844,124666356,124365639,2259161,3,3,6613461;2634383
194,1,3,11,3,4837700,2132063,4837700,0,2705637,2705637,0,0,1412190,3,0,2705637,3443500,3443500,0,0,1676600,3,0,3443500,51254500,2705637,48548863,48075410,1412190,3,3,2705637
195,5,4,15,2,61103800,38700870,19351800;1460800;18722600;19904700;1663900,13,22402930,22402930,0,0,4381629,2,0,6907068;554318;6847904;7456118;637522,24902600,24902600,0,0,6184600,2,0,3366300;69800;4535300;15867700;1063500,94224500,22402930,71821570,70988871,4381629,2,2,6907068;554318;6847904;7456118;637522
196,5,4,13,2,53637900,34539842,6725000;8695400;17681500;10630600;9905400,12,19098058,19098058,0,0,596437,2,0,2403993;3212937;6178846;3814337;3487945,19689800,19689800,0,0,774200,2,0,890500;0;2036500;9011700;7751100,65683400,19098058,46585342,45982663,596437,2,2,2403993;3212937;6178846;3814337;3487945
197,5,4,16,5,44057600,27926764,14156500;9986200;8070600;6959900;4884400,13,16130836,16130836,0,0,2362075,4,0,4907729;3812298;3081005;2465151;1864653,16836600,16836600,0,0,2567500,4,0,4547100;4792200;0;3828000;3669300,103065700,16130836,86934864,86298025,2362075,4,4,4907729;3812298;3081005;2465151;1864653
198,2,3,12,3,16777900,5526108,6020700;10757200,7,11251792,11251792,0,0,765029,2,0,4037672;7214120,12398900,12398900,0,0,941900,2,0,1988100;10410800,66792900,11251792,55541108,54570871,765029,2,2,4037672;7214120
199,5,3,15,5,61980500,26217953,1185800;16234700;12109700;12867400;19582900,12,35762547,35762547,0,0,2711016,4,0,685036;9333391;7055971;7265592;11422557,37496800,37496800,0,0,3507700,4,0,0;3976500;7309500;10671300;15539500,122197100,35762547,86434553,85208884,2711016,4,4,685036;9333391;7055971;7265592;11422557
200,4,4,13,2,39637500,27972775,16823300;4474400;7558300;10781500,9,11664725,11664725,0,0,1881013,2,0,4873060;1368241;2300441;3122983,12078700,12078700,0,0,2101100,2,0,1622500;671500;1374300;8410400,84777600,11664725,73112875,72726087,1881013,2,2,4873060;1368241;2300441;3122983
201,2,3,12,3,19025000,6889646,9260800;9764200,8,12135354,12135354,0,0,3989841,3,0,5728125;6407229,13532800,13532800,0,0,4647200,3,0,5408600;8124200,95369000,12135354,83233646,82493559,3989841,3,3,5728125;6407229
202,4,3,12,4,67524900,25557811,18511700;18901800;10556100;19555300,9,41967089,41967089,0,0,4065721,3,0,11751073;11337276;6465200;12413540,44297500,44297500,0,0,5298800,3,0,14769100;4020300;10556100;14952000,120430100,41967089,78463011,77365679,4065721,3,3,11751073;11337276;6465200;12413540
203,3,4,14,2,49974700,26960834,16437400;18974100;14563200,10,23013866,23013866,0,0,4690533,2,0,7298728;8425103;7290035,24490000,24490000,0,0,5692000,2,0,1155400;11911800;11422800,64081400,23013866,41067534,40592867,4690533,2,2,7298728;8425103;7290035
204,4,3,14,3,41887200,17108588,19981400;4032100;15539500;2334200,14,24778612,24778612,0,0,5775920,3,0,11841409;2388131;9170833;1378239,26519400,26519400,0,0,6536500,3,0,11936800;3222600;9025800;2334200,108940200,24778612,84161588,83181380,5775920,3,3,11841409;2388131;9170833;1378239
205,1,3,8,2,19625100,8107774,19625100,0,11517326,11517326,0,0,3155750,2,0,11517326,11940400,11940400,0,0,3403100,2,0,11940400,54035700,11517326,42518374,42342650,3155750,2,2,11517326
206,5,3,9,2,49449900,20910636,13272200;10390400;3730700;17375200;4681400,9,28539264,28539264,0,0,2941488,2,0,7700463;5986362;2150768;10019412;2682259,30486500,30486500,0,0,4340200,2,0,11242000;2315900;1902700;12729700;2296200,81790200,28539264,53250936,52702412,2941488,2,2,7700463;5986362;2150768;10019412;2682259
207,1,3,12,5,7938100,3800336,7938100,0,4137764,4137764,0,0,788202,1,0,4137764,4517700,4517700,0,0,868800,1,0,4517700,53915700,4137764,49777936,49478598,788202,1,1,4137764
208,1,4,16,4,18324400,11745014,18324400,0,6579386,6579386,0,0,1712244,3,0,6579386,7781400,7781400,0,0,2334600,3,0,7781400,72692500,6579386,66113114,65193456,1712244,3,3,6579386
209,3,4,15,5,51235200,33904930,18484200;18634600;14116400,11,17330270,17330270,0,0,4968470,3,0,6192270;6474645;4663355,18596500,18596500,0,0,5740400,3,0,2938000;8470500;7188000,107524700,17330270,90194430,89700130,4968470,3,3,6192270;6474645;4663355
210,2,3,11,5,18624600,8503437,9980300;8644300,10,10121163,10121163,0,0,3320859,4,0,5423593;4697570,10837400,10837400,0,0,3486800,4,0,5973500;4863900,92223100,10121163,82101937,81551641,3320859,4,4,5423593;4697570
211,3,4,14,2,39227300,24018102,17525900;9136200;12565200,9,15209198,15209198,0,0,3137010,2,0,6971583;3468002;4769613,16762300,16762300,0,0,4396400,2,0,7457700;1121600;8183000,55848300,15209198,40639102,40345390,3137010,2,2,6971583;3468002;4769613
212,1,3,15,4,15605500,6003636,15605500,0,9601864,9601864,0,0,2742399,4,0,9601864,11339900,11339900,0,0,3428900,4,0,11339900,131171200,9601864,121569336,120402001,2742399,4,4,9601864
213,4,4,18,5,35623700,18683519,1589100;5446400;11745900;16842300,16,16940181,16940181,0,0,8583739,5,0,765569;2623871;5436755;8113986,19110500,19110500,0,0,10395700,5,0,1298700;3466800;5156700;9188300,125225700,16940181,108285519,107909761,8583739,5,5,765569;2623871;5436755;8113986
214,2,3,11,2,13905000,5132901,2253400;11651600,3,8772099,8772099,0,0,1418895,2,0,1278610;7493489,9862300,9862300,0,0,1761500,2,0,1593000;8269300,66152400,8772099,57380301,56593105,1418895,2,2,1278610;7493489
215,4,4,11,3,32557000,16458957,2856000;9919300;3888500;15893200,9,16098043,16098043,0,0,3022950,2,0,1480927;5143474;2016312;7457330,16901800,16901800,0,0,3074400,2,0,1055600;638700;2130600;13076900,102873600,16098043,86775557,86023250,3022950,2,2,1480927;5143474;2016312;7457330
216,1,4,18,4,8471500,5741144,8471500,0,2730356,2730356,0,0,184126,1,0,2730356,3127000,3127000,0,0,187700,1,0,3127000,28610400,2730356,25880044,25337074,184126,1,1,2730356
217,4,3,12,2,29037600,9562946,5775000;10752400;4713000;7797200,10,19474654,19474654,0,0,5421255,2,0,3900831;7186645;3120416;5266762,20281400,20281400,0,0,5881500,2,0,2737000;5654600;4092600;7797200,72036200,19474654,52561546,52194945,5421255,2,2,3900831;7186645;3120416;5266762
218,5,3,11,3,72138100,29392765,12711800;18614600;14286800;10713900;15811000,8,42745335,42745335,0,0,2398925,3,0,7620573;9978683;7835546;6992045;10318488,44158700,44158700,0,0,2880500,3,0,2554100;11298000;3781700;10713900;15811000,115998100,42745335,73252765,72123975,2398925,3,3,7620573;9978683;7835546;6992045;10318488
219,3,3,15,5,28657600,12945445,17215100;7590300;3852200,11,15712155,15712155,0,0,1319779,3,0,9420218;4091566;2200371,17172600,17172600,0,0,1698300,3,0,5948000;7372800;3851800,80299900,15712155,64587745,63505821,1319779,3,3,9420218;4091566;2200371
220,3,3,9,2,31097600,13634591,10456400;14860600;5780600,7,17463009,17463009,0,0,1937682,2,0,6153936;8211336;3097737,18906100,18906100,0,0,2467800,2,0,5273800;7851700;5780600,94182800,17463009,76719791,75806818,1937682,2,2,6153936;8211336;3097737
221,2,4,14,4,17138800,10023353,3024200;14114600,6,7115447,7115447,0,0,291632,3,0,1307648;5807799,8269800,8269800,0,0,665400,2,0,0;8269800,95246400,7115447,88130953,87350368,291632,3,3,1307648;5807799
222,4,4,14,5,52232200,29986525,12479400;9859800;10925800;18967200,14,22245675,22245675,0,0,3969799,5,0,5314972;4199284;4653295;8078124,24094600,24094600,0,0,4983200,5,0,2343100;7015600;2462800;12273100,107456800,22245675,85211125,84375601,3969799,5,5,5314972;4199284;4653295;8078124
223,4,3,13,2,32063000,14682657,3559000;10566700;11375200;6562100,9,17380343,17380343,0,0,1939949,2,0,2114731;5617839;6326288;3321485,18139500,18139500,0,0,2032200,2,0,807300;2472600;8297500;6562100,95791800,17380343,78411457,77407351,1939949,2,2,2114731;5617839;6326288;3321485
224,5,4,12,3,46669900,32701832,19283700;12054300;3172600;1808000;10351300,11,13968068,13968068,0,0,1390824,3,0,5771514;3607791;949545;541125;3098093,14492900,14492900,0,0,1598100,3,0,2539800;2284100;0;0;9669000,76414900,13968068,62446832,62129276,1390824,3,3,5771514;3607791;949545;541125;3098093
225,1,4,16,3,2836800,1673038,2836800,0,1163762,1163762,0,0,508524,3,0,1163762,1656600,1656600,0,0,538400,3,0,1656600,65458200,1163762,64294438,63787076,508524,3,3,1163762
226,1,4,15,2,9613400,5484279,9613400,0,4129121,4129121,0,0,2492896,2,0,4129121,4990900,4990900,0,0,3330400,2,0,4990900,41619300,4129121,37490179,37212604,2492896,2,2,4129121
227,1,4,14,3,18833800,11327705,18833800,0,7506095,7506095,0,0,3160156,3,0,7506095,9195900,9195900,0,0,4317500,3,0,9195900,60387300,7506095,52881205,52348744,3160156,3,3,7506095
228,4,4,13,4,38904200,25738980,9827600;6878500;12525700;9672400,12,13165220,13165220,0,0,4056363,3,0,3516788;2197718;4360328;3090386,14348500,14348500,0,0,4742200,3,0,538600;2752100;5059000;5998800,103268100,13165220,90102880,89605437,4056363,3,3,3516788;2197718;4360328;3090386
229,1,4,12,3,12433200,6667651,12433200,0,5765549,5765549,0,0,2291018,2,0,5765549,6940600,6940600,0,0,3021700,2,0,6940600,52230900,5765549,46465351,46020982,2291018,2,2,5765549
230,2,3,9,2,22668100,10201255,11901300;10766800,9,12466845,12466845,0,0,3705694,2,0,6545396;5921449,15133600,15133600,0,0,5042800,2,0,5654200;9479400,30738900,12466845,18272055,16942406,3705694,2,2,6545396;5921449
231,3,4,17,3,39063100,25855171,18767500;18448100;1847500,12,13207929,13207929,0,0,3822726,3,0,6347887;6235068;624974,14590300,14590300,0,0,4785000,3,0,6940900;5925300;1724100,117953900,13207929,104745971,104247474,3822726,3,3,6347887;6235068;624974
232,1,4,14,3,11219000,6394601,11219000,0,4824399,4824399,0,0,2214097,3,0,4824399,5678600,5678600,0,0,2665800,3,0,5678600,85640900,4824399,80816501,80414003,2214097,3,3,4824399
233,5,4,17,4,51787800,30552489,17987300;14425800;13475800;3090600;2808300,13,21235311,21235311,0,0,3346914,4,0,7442600;5838151;5575879;1278799;1099882,22344900,22344900,0,0,4057500,4,0,4009300;4032400;10371700;3090600;840900,129233000,21235311,107997689,107543786,3346914,4,4,7442600;5838151;5575879;1278799;1099882
234,2,4,15,3,13661800,7518608,7508300;6153500,6,6143192,6143192,0,0,227780,1,0,3376197;2766995,6828300,6828300,0,0,248400,1,0,1954500;4873800,31864400,6143192,25721208,24888220,227780,1,1,3376197;2766995
235,1,3,10,3,14367300,5825559,14367300,0,8541741,8541741,0,0,1308300,1,0,8541741,8607800,8607800,0,0,1308300,1,0,8607800,21350100,8541741,12808359,12710800,1308300,1,1,8541741
236,4,3,9,2,39540000,20641033,8318700;9405000;17945100;3871200,8,18898967,18898967,0,0,4783601,2,0,3976097;4495314;8577235;1850321,19302100,19302100,0,0,4963100,2,0,851500;2342800;12236600;3871200,79860700,18898967,60961733,60738099,4783601,2,2,3976097;4495314;8577235;1850321
237,4,3,13,3,52246900,22396821,19285400;13633700;3634000;15693800,13,29850079,29850079,0,0,5509690,3,0,10614548;8287369;2218231;8729931,30445600,30445600,0,0,5037800,3,0,4327600;10475200;1998700;13644100,98683200,29850079,68833121,67765710,5509690,3,3,10614548;8287369;2218231;8729931
238,3,4,14,2,27662200,17918885,4600100;3459300;19602800,14,9743315,9743315,0,0,3291340,2,0,1631258;1218011;6894046,11414900,11414900,0,0,4300200,2,0,2605200;0;8809700,39812000,9743315,30068685,29242260,3291340,2,2,1631258;1218011;6894046
239,4,3,13,5,38524600,13395361,4909300;2251600;12776700;18587000,9,25129239,25129239,0,0,3152784,4,0,3198322;1467910;8332585;12130422,25969700,25969700,0,0,3654100,4,0,1371200;1602000;4409500;18587000,75683200,25129239,50553961,50214816,3152784,4,4,3198322;1467910;8332585;12130422
240,3,3,15,5,37228500,14068108,13586200;19168800;4473500,12,23160392,23160392,0,0,6037065,5,0,8259037;12062889;2838466,25736700,25736700,0,0,7733800,5,0,8582800;15465000;1688900,110075600,23160392,86915208,86035635,6037065,5,5,8259037;12062889;2838466
241,4,3,13,4,45580500,15425046,18300300;8307900;17119200;1853100,12,30155454,30155454,0,0,4598105,4,0,12343434;5098573;11217241;1496206,30954900,30954900,0,0,4952900,4,0,5294500;7013600;16889700;1757100,118979700,30155454,88824246,88379595,4598105,4,4,12343434;5098573;11217241;1496206
242,2,3,10,3,17582200,7862183,5649000;11933200,10,9720017,9720017,0,0,3551850,3,0,3186148;6533869,10564900,10564900,0,0,4101500,3,0,2547300;8017600,120594000,9720017,110873983,110578750,3551850,3,3,3186148;6533869
243,1,3,8,2,11850000,4892496,11850000,0,6957504,6957504,0,0,3673603,2,0,6957504,7748100,7748100,0,0,4311400,2,0,7748100,73741600,6957504,66784096,66631297,3673603,2,2,6957504
244,3,3,7,2,25893300,12916306,1655800;17604600;6632900,7,12976994,12976994,0,0,3602245,2,0,829840;8822930;3324224,14014600,14014600,0,0,4339200,2,0,434400;7273900;6306300,51918700,12976994,38941706,38641055,3602245,2,2,829840;8822930;3324224
245,1,3,12,5,10670000,4621306,10670000,0,6048694,6048694,0,0,2804569,4,0,6048694,7665400,7665400,0,0,3763700,4,0,7665400,99834800,6048694,93786106,93128531,2804569,4,4,6048694
246,5,4,17,5,60857300,40978084,19244200;4676500;3751800;17666600;15518200,16,19879216,19879216,0,0,4983344,4,0,6341501;1494103;1315372;5602879;5125361,21398200,21398200,0,0,5983700,4,0,1863200;3625600;0;5530600;10378800,134523900,19879216,114644684,114126056,4983344,4,4,6341501;1494103;1315372;5602879;5125361
247,3,4,14,4,34194600,19067245,18225900;4218700;11750000,13,15127355,15127355,0,0,6649147,4,0,7788020;1909520;5429815,17140100,17140100,0,0,8273400,4,0,5997000;3722800;7420300,107970500,15127355,92843145,92454653,6649147,4,4,7788020;1909520;5429815
248,4,3,13,4,35088000,14884614,9403200;14079600;4996600;6608600,11,20203386,20203386,0,0,3317514,3,0,5427929;8092944;2884253;3798260,21452400,21452400,0,0,3852800,3,0,3390800;9690400;4587700;3783500,84507800,20203386,64304414,63590686,3317514,3,3,5427929;8092944;2884253;3798260
249,1,3,13,5,11070500,4393877,11070500,0,6676623,6676623,0,0,1871805,3,0,6676623,6960600,6960600,0,0,1916800,3,0,6960600,69256800,6676623,62580177,62318995,1871805,3,3,6676623
250,3,4,16,5,11500800,6187983,1411200;5102100;4987500,14,5312817,5312817,0,0,1929714,4,0,632467;2367537;2312813,6156200,6156200,0,0,2340700,4,0,1334300;2782700;2039200,110740800,5312817,105427983,104995586,1929714,4,4,632467;2367537;2312813
251,2,3,8,2,20451000,10510110,6560200;13890800,6,9940890,9940890,0,0,1420474,2,0,3188804;6752086,10332200,10332200,0,0,1488800,2,0,0;10332200,70742100,9940890,60801210,60430326,1420474,2,2,3188804;6752086
252,4,4,9,2,55017800,34465326,14824100;15790900;17859900;6542900,8,20552474,20552474,0,0,3907875,2,0,5537696;5898856;6671753;2444169,21310200,21310200,0,0,4327100,2,0,1481800;3552800;9732700;6542900,61832800,20552474,41280326,40941825,3907875,2,2,5537696;5898856;6671753;2444169
253,1,4,15,3,1060500,516901,1060500,0,543599,543599,0,0,317858,3,0,543599,670200,670200,0,0,183800,3,0,670200,41948300,543599,41404701,40893342,317858,3,3,543599
254,1,4,15,2,13682400,6924768,13682400,0,6757632,6757632,0,0,1958813,2,0,6757632,7536800,7536800,0,0,2406700,2,0,7536800,55647300,6757632,48889668,48231087,1958813,2,2,6757632
255,2,3,15,5,30753100,15234867,18942100;11811000,8,15518233,15518233,0,0,3941525,4,0,9699065;5819168,17122600,17122600,0,0,4813900,4,0,7564100;9558500,69231600,15518233,53713367,52981375,3941525,4,4,9699065;5819168
256,2,4,15,2,28114100,15635323,11449800;16664300,13,12478777,12478777,0,0,4564171,2,0,5089191;7389586,13697200,13697200,0,0,5531500,2,0,3319800;10377400,61249300,12478777,48770523,48277229,4564171,2,2,5089191;7389586
257,3,4,15,3,9820000,5133533,6049600;1975500;1794900,9,4686467,4686467,0,0,2699669,3,0,2830871;1015684;839912,5860700,5860700,0,0,3636400,3,0,2891400;1174400;1794900,67466300,4686467,62779833,62431031,2699669,3,3,2830871;1015684;839912
258,5,3,14,5,71093100,34949564,18249700;17956700;7861700;15688400;11336600,7,36143536,36143536,0,0,1372554,2,0,9057107;9405279;4164159;7811708;5705283,37209400,37209400,0,0,1584400,2,0,4160800;14067400;3434700;5804800;9741700,84717100,36143536,48573564,47719546,1372554,2,2,9057107;9405279;4164159;7811708;5705283
259,2,3,13,5,7760200,3221780,6120200;1640000,8,4538420,4538420,0,0,1956795,3,0,3579293;959127,5114600,5114600,0,0,2253300,3,0,3682600;1432000,66975700,4538420,62437280,61987505,1956795,3,3,3579293;959127
260,4,4,17,5,33606100,17694020,4714300;16427900;6595400;5868500,12,15912080,15912080,0,0,3789783,4,0,2140505;7927950;3179062;2664563,18318400,18318400,0,0,5386100,4,0,3608700;7181200;1786200;5742300,78768800,15912080,62856720,62002117,3789783,4,4,2140505;7927950;3179062;2664563
261,4,3,15,5,40722300,17492250,1876600;14182100;14892800;9770800,14,23230050,23230050,0,0,2307643,4,0,1132883;8118886;8377823;5600458,24718600,24718600,0,0,2511700,4,0,1396600;6061700;10882400;6377900,69255100,23230050,46025050,44740557,2307643,4,4,1132883;8118886;8377823;5600458
262,3,4,12,2,24983200,16259296,6888800;12522200;5572200,12,8723904,8723904,0,0,4744429,2,0,2327097;4426899;1969908,12291000,12291000,0,0,7632100,2,0,2337200;6401200;3552600,47313700,8723904,38589796,37910371,4744429,2,2,2327097;4426899;1969908
263,3,4,16,2,28306400,14712479,3221700;11776000;13308700,11,13593921,13593921,0,0,5207262,2,0,1591769;5710584;6291568,15848900,15848900,0,0,7214700,2,0,1817400;5398100;8633400,75688900,13593921,62094979,61847438,5207262,2,2,1591769;5710584;6291568
264,5,3,15,5,52970200,21860857,1267800;19573000;7792200;18470500;5866700,14,31109343,31109343,0,0,4727674,4,0,686461;11902129;4738349;9936680;3845724,33528600,33528600,0,0,6231400,4,0,0;8345800;6636000;13493200;5053600,131937600,31109343,100828257,99912726,4727674,4,4,686461;11902129;4738349;9936680;3845724
265,1,4,17,4,17865700,10049938,17865700,0,7815762,7815762,0,0,1914444,4,0,7815762,8221600,8221600,0,0,2262300,4,0,8221600,127125100,7815762,119309338,118676656,1914444,4,4,7815762
266,4,4,13,2,34178200,20445812,9920800;18037300;1803400;4416700,12,13732388,13732388,0,0,3684237,2,0,4018853;7216007;721466;1776062,15668500,15668500,0,0,5076700,2,0,6915000;2827100;1509700;4416700,78710500,13732388,64978112,64296463,3684237,2,2,4018853;7216007;721466;1776062
267,4,3,12,5,49211600,22376720,3437900;18588200;9454000;17731500,10,26834880,26834880,0,0,1515693,3,0,1884984;10138971;5154069;9656856,27646700,27646700,0,0,1825800,3,0,1651200;8606500;6024500;11364500,80598500,26834880,53763620,53261907,1515693,3,3,1884984;10138971;5154069;9656856
268,4,3,10,2,36988500,18798206,3477200;19215000;1230300;13066000,8,18190294,18190294,0,0,1992053,2,0,1710026;9449599;605039;6425630,19049400,19049400,0,0,2092000,2,0,0;4753100;1230300;13066000,33486600,18190294,15296306,14490747,1992053,2,2,1710026;9449599;605039;6425630
269,2,3,12,4,11328300,4926113,1518000;9810300,5,6402187,6402187,0,0,1293499,2,0,857898;5544289,6536100,6536100,0,0,1300100,2,0,0;6536100,32067900,6402187,25665713,25538401,1293499,2,2,857898;5544289
270,1,3,8,3,14698000,5840959,14698000,0,8857041,8857041,0,0,1036613,3,0,8857041,9384000,9384000,0,0,1323900,3,0,9384000,94311800,8857041,85454759,85215087,1036613,3,3,8857041
271,5,3,13,5,58436600,26451661,3181900;18679500;10790600;13183000;12601600,10,31984939,31984939,0,0,3946549,3,0,1771708;10201902;5869142;7273887;6868300,33375700,33375700,0,0,4542200,3,0,0;5244000;5914600;9615500;12601600,104839500,31984939,72854561,72059451,3946549,3,3,1771708;10201902;5869142;7273887;6868300
272,5,3,15,5,64298000,28141343,13202900;2899400;16586900;16701000;14907800,14,36156657,36156657,0,0,7847956,4,0,7240771;1553397;9306513;9041823;9014153,37389200,37389200,0,0,8291300,4,0,4254500;1320600;9700400;7205900;14907800,122295300,36156657,86138643,85349444,7847956,4,4,7240771;1553397;9306513;9041823;9014153
273,5,3,15,5,54402200,25293362,6243100;14322900;6506300;9115100;18214800,13,29108838,29108838,0,0,3995735,4,0,3429950;7369633;3515384;4690040;10103831,29623000,29623000,0,0,4248900,4,0,0;6138200;3303000;6188900;13992900,109054000,29108838,79945162,79389465,3995735,4,4,3429950;7369633;3515384;4690040;10103831
274,5,3,11,3,53499200,22640398,8718700;8090000;19466600;15209200;2014700,11,30858802,30858802,0,0,6141680,3,0,5175686;4211346;12002746;8336182;1132842,31698500,31698500,0,0,6480900,3,0,2857600;2116100;9500900;15209200;2014700,130541800,30858802,99682998,99182520,6141680,3,3,5175686;4211346;12002746;8336182;1132842
275,2,3,12,3,10390900,3526366,7582000;2808900,7,6864534,6864534,0,0,4141811,3,0,5094301;1770233,7284200,7284200,0,0,4403200,3,0,4668400;2615800,95857300,6864534,88992766,88834489,4141811,3,3,5094301;1770233
276,4,4,12,3,32512200,22109617,5642800;2123500;8744000;16001900,10,10402583,10402583,0,0,2205059,3,0,1805467;679435;2797725;5119956,11072500,11072500,0,0,2743300,3,0,0;0;892500;10180000,80124400,10402583,69721817,69304941,2205059,3,3,1805467;679435;2797725;5119956
277,4,3,13,4,31265900,11985864,16427700;8531100;1525100;4782000,11,19280036,19280036,0,0,5148747,4,0,9960447;5451094;900175;2968320,20977600,20977600,0,0,6388500,4,0,6450000;8531100;1394700;4601800,97788300,19280036,78508264,78050453,5148747,4,4,9960447;5451094;900175;2968320
278,1,4,14,3,7882700,3950413,7882700,0,3932287,3932287,0,0,2623134,3,0,3932287,4815700,4815700,0,0,3208000,3,0,4815700,52739500,3932287,48807213,48508666,2623134,3,3,3932287
279,3,3,11,4,33438200,12387101,7933100;16123500;9381600,10,21051099,21051099,0,0,2869382,3,0,4994301;10150588;5906210,21890100,21890100,0,0,3178100,3,0,3022700;10671900;8195500,72507500,21051099,51456401,50926118,2869382,3,3,4994301;10150588;5906210
280,5,4,12,2,72778400,47361815,16036600;19989400;19949100;10456500;6346800,11,25416585,25416585,0,0,2836411,1,0,6002795;6363275;7467314;3562809;2020392,26539400,26539400,0,0,3216100,1,0,4480600;5255100;230700;10226200;6346800,56094600,25416585,30678015,29934889,2836411,1,1,6002795;6363275;7467314;3562809;2020392
281,1,4,15,3,4578000,2186161,4578000,0,2391839,2391839,0,0,1612217,3,0,2391839,3501200,3501200,0,0,2318100,3,0,3501200,86900900,2391839,84509061,84030483,1612217,3,3,2391839
282,4,4,12,2,25135200,16603092,7843500;7071400;2864900;7355400,11,8532108,8532108,0,0,973358,2,0,2662464;2400377;972487;2496780,8843800,8843800,0,0,1180800,2,0,3522200;2692900;579100;2049600,66849100,8532108,58316992,58092642,973358,2,2,2662464;2400377;972487;2496780
283,1,4,14,2,16607300,8856415,16607300,0,7750885,7750885,0,0,2720389,2,0,7750885,8722300,8722300,0,0,3070800,2,0,8722300,51303600,7750885,43552715,42931711,2720389,2,2,7750885
284,3,3,15,5,27289100,11301307,7456600;1834800;17997700,11,15987793,15987793,0,0,1529153,3,0,4383304;1097486;10507003,17313200,17313200,0,0,2083900,3,0,1769000;972500;14571700,77358800,15987793,61371007,60600347,1529153,3,3,4383304;1097486;10507003
285,3,3,10,2,32791300,16827135,13473200;1457100;17861000,9,15964165,15964165,0,0,3045221,2,0,6640878;713136;8610151,17280400,17280400,0,0,3870400,2,0,4793300;537400;11949700,89596500,15964165,73632335,72923079,3045221,2,2,6640878;713136;8610151
286,2,4,12,3,25678100,14484756,15257100;10421000,10,11193344,11193344,0,0,4993327,3,0,6855591;4337753,12850700,12850700,0,0,6175700,3,0,7606200;5244500,100466700,11193344,89273356,88798373,4993327,3,3,6855591;4337753
287,1,3,14,5,14210900,6789116,14210900,0,7421784,7421784,0,0,3165793,3,0,7421784,8429200,8429200,0,0,3592900,3,0,8429200,94455100,7421784,87033316,86453007,3165793,3,3,7421784
288,4,4,17,5,40967600,26661815,12938900;5503300;6174200;16351200,13,14305785,14305785,0,0,1095211,3,0,4274521;1679078;2215583;6136603,15183200,15183200,0,0,1325100,3,0,1287100;1270700;6174200;6451200,83390400,14305785,69084615,68437089,1095211,3,3,4274521;1679078;2215583;6136603
289,5,3,9,2,39932200,17749716,11754900;3284400;9556600;9261200;6075100,5,22182484,22182484,0,0,1100330,1,0,6430524;1832252;5227944;5195487;3496277,22627700,22627700,0,0,1116000,1,0,68300;0;7266800;9217500;6075100,45873900,22182484,23691416,23197470,1100330,1,1,6430524;1832252;5227944;5195487;3496277
290,3,4,14,4,34479900,21217317,7842100;10303100;16334700,13,13262583,13262583,0,0,3219610,4,0,3191922;3899427;6171234,14785200,14785200,0,0,4214400,4,0,5246400;1557800;7981000,133923100,13262583,120660517,120132690,3219610,4,4,3191922;3899427;6171234
291,5,4,14,2,69383700,43287931,12559400;4837400;16284000;18942300;16760600,12,26095769,26095769,0,0,4793151,2,0,4940307;1801340;6060386;7055977;6237759,28803200,28803200,0,0,6599800,2,0,7371300;1753900;2661200;11980500;5036300,79016600,26095769,52920831,52020049,4793151,2,2,4940307;1801340;6060386;7055977;6237759
292,1,4,11,3,12755700,7957738,12755700,0,4797962,4797962,0,0,2337443,2,0,4797962,7027100,7027100,0,0,4321400,2,0,7027100,37228300,4797962,32430338,32185157,2337443,2,2,4797962
293,1,3,13,3,11445400,4124465,11445400,0,7320935,7320935,0,0,3663996,3,0,7320935,8546700,8546700,0,0,4245100,3,0,8546700,87005100,7320935,79684165,78765004,3663996,3,3,7320935
294,1,4,17,5,1737600,978661,1737600,0,758939,758939,0,0,544448,4,0,758939,1429800,1429800,0,0,819100,4,0,1429800,63752700,758939,62993761,62551352,544448,4,4,758939
295,3,4,16,5,29379500,16376842,19335200;8656800;1387500,15,13002658,13002658,0,0,2862657,4,0,8511348;3903890;587420,14629100,14629100,0,0,3790000,4,0,6711900;6529700;1387500,134165100,13002658,121162442,120376643,2862657,4,4,8511348;3903890;587420
296,4,3,11,3,25350400,7798664,5868200;7932500;4473800;7075900,11,17551736,17551736,0,0,5903676,3,0,4066842;5497466;3094214;4893214,19250200,19250200,0,0,6742000,3,0,4056400;6649300;2582900;5961600,130857600,17551736,113305864,112445724,5903676,3,3,4066842;5497466;3094214;4893214
297,2,4,18,5,5313900,3576630,1811500;3502400,12,1737270,1737270,0,0,436279,4,0,563196;1174074,2292700,2292700,0,0,666100,4,0,27600;2265100,156186500,1737270,154449230,154123621,436279,4,4,563196;1174074
298,2,3,11,5,11697400,4796849,6392300;5305100,6,6900551,6900551,0,0,1571296,2,0,3770957;3129594,7262500,7262500,0,0,1722100,2,0,2675900;4586600,35251200,6900551,28350649,28139504,1571296,2,2,3770957;3129594
299,4,3,9,3,36847400,15579922,8215900;7137000;4687000;16807500,8,21267478,21267478,0,0,4027549,2,0,4742030;4119313;2705229;9700906,21810800,21810800,0,0,4228400,2,0,1911800;3538100;2052100;14308800,70632800,21267478,49365322,49022851,4027549,2,2,4742030;4119313;2705229;9700906
300,1,3,13,5,5328500,2849706,5328500,0,2478794,2478794,0,0,1181533,4,0,2478794,2947300,2947300,0,0,1477800,4,0,2947300,61229200,2478794,58750406,58511467,1181533,4,4,2478794
301,3,3,13,4,19588300,9058649,7559700;8486900;3541700,13,10529651,10529651,0,0,4188024,4,0,3705317;4971491;1852843,11429900,11429900,0,0,4752200,4,0,2743100;7429200;1257600,111167700,10529651,100638049,100301976,4188024,4,4,3705317;4971491;1852843
302,2,3,13,3,17098300,6820781,11549100;5549200,10,10277519,10277519,0,0,1633351,3,0,6954287;3323232,11216900,11216900,0,0,1758100,3,0,6916000;4300900,106025800,10277519,95748281,94933649,1633351,3,3,6954287;3323232
303,2,3,10,2,15263100,6957485,6206600;9056500,8,8305615,8305615,0,0,244470,1,0,3377401;4928214,8942000,8942000,0,0,292300,1,0,1188200;7753800,25505700,8305615,17200085,16366230,244470,1,1,3377401;4928214
304,2,4,15,4,16983600,9802198,3674600;13309000,12,7181402,7181402,0,0,2537268,4,0,1553779;5627623,7596800,7596800,0,0,2801900,4,0,0;7596800,88949300,7181402,81767898,81617132,2537268,4,4,1553779;5627623
305,2,4,17,5,12529300,6785911,8726900;3802400,17,5743389,5743389,0,0,3723771,5,0,4007158;1736231,8324200,8324200,0,0,5871000,5,0,5125400;3198800,99669500,5743389,93926111,93492529,3723771,5,5,4007158;1736231
306,4,3,11,2,50122400,21139990,10872000;9708100;15407600;14134700,11,28982410,28982410,0,0,2564672,2,0,6301323;5745656;8717288;8218143,29733300,29733300,0,0,2669400,2,0,7359200;3809100;10590000;7975000,72685000,28982410,43702590,43056428,2564672,2,2,6301323;5745656;8717288;8218143
307,2,3,9,3,31968000,14486554,18173400;13794600,7,17481446,17481446,0,0,255429,1,0,9937979;7543467,18272900,18272900,0,0,341700,1,0,5257300;13015600,51650200,17481446,34168754,33463571,255429,1,1,9937979;7543467
308,4,3,12,5,63128700,24353892,18014200;19319900;7849800;17944800,9,38774808,38774808,0,0,3326247,4,0,11585949;11788971;4787864;10612024,40371500,40371500,0,0,3955600,4,0,14258000;4718900;6324600;15070000,133460700,38774808,94685892,93718553,3326247,4,4,11585949;11788971;4787864;10612024
309,2,4,13,2,22123200,13640513,15100900;7022300,11,8482687,8482687,0,0,1771699,2,0,5683421;2799266,9513300,9513300,0,0,2505800,2,0,5896900;3616400,33537300,8482687,25054613,24758101,1771699,2,2,5683421;2799266
310,3,4,19,5,44502300,28854753,18473000;6867200;19162100,15,15647547,15647547,0,0,3241360,2,0,4852033;2849437;7946077,17206300,17206300,0,0,3900100,2,0,2798300;1893200;12514800,49817200,15647547,34169653,33269640,3241360,2,2,4852033;2849437;7946077
311,4,3,8,2,41883700,17187703,8093400;11627000;18537100;3626200,6,24695997,24695997,0,0,501559,1,0,4772132;6855659;10930080;2138126,25359100,25359100,0,0,522500,1,0,0;7385200;14347700;3626200,62955000,24695997,38259003,37473141,501559,1,1,4772132;6855659;10930080;2138126
312,1,4,12,2,4346200,2405675,4346200,0,1940525,1940525,0,0,701079,2,0,1940525,2216100,2216100,0,0,774700,2,0,2216100,52235300,1940525,50294775,50068521,701079,2,2,1940525
313,2,4,11,3,28859000,19998503,15759300;13099700,7,8860497,8860497,0,0,2904344,3,0,4838533;4021964,9396300,9396300,0,0,3311800,3,0,521100;8875200,85934000,8860497,77073503,76945156,2904344,3,3,4838533;4021964
314,2,3,11,5,26951600,13453818,12542200;14409400,5,13497782,13497782,0,0,1418142,2,0,6013292;7484490,14001600,14001600,0,0,1752800,2,0,2843200;11158400,63175000,13497782,49677218,49508058,1418142,2,2,6013292;7484490
315,4,4,15,2,70435900,44634506,13104600;19151600;19206300;18973400,13,25801394,25801394,0,0,3235033,2,0,4951903;7376155;6960837;6512499,27665600,27665600,0,0,4476900,2,0,4799000;11325100;6530900;5010600,60032600,25801394,34231206,33503167,3235033,2,2,4951903;7376155;6960837;6512499
316,4,4,10,2,72338900,42553533,16680800;17146100;19651600;18860400,7,29785367,29785367,0,0,1364304,2,0,6868279;7059866;8091498;7765724,30967300,30967300,0,0,1798200,2,0,758000;2112000;16421300;11676000,60159800,29785367,30374433,29626396,1364304,2,2,6868279;7059866;8091498;7765724
317,5,3,13,5,43204700,23413897,7121600;12342700;5167300;13018300;5554800,10,19790803,19790803,0,0,2207077,3,0,3258885;5606400;2497662;5742891;2684965,21693600,21693600,0,0,3163400,3,0,0;3860600;2844200;9434000;5554800,58687800,19790803,38896997,37950523,2207077,3,3,3258885;5606400;2497662;5742891;2684965
318,5,3,15,5,57550100,20632344,12979500;5989000;7304900;17431600;13845100,13,36917756,36917756,0,0,6170724,4,0,8502895;3874121;4631310;11161961;8747469,38301200,38301200,0,0,6504700,4,0,3316000;5989000;4002500;11148600;13845100,171625000,36917756,134707244,133657776,6170724,4,4,8502895;3874121;4631310;11161961;8747469
319,4,3,7,2,47265300,19595491,4328600;8326800;19660400;14949500,7,27669809,27669809,0,0,3152950,2,0,2534027;4874633;11509490;8751659,29171700,29171700,0,0,3708000,2,0,0;6552300;11617800;11001600,86302800,27669809,58632991,57686150,3152950,2,2,2534027;4874633;11509490;8751659
320,4,4,16,4,66819000,39707328,19625500;11537300;17360200;18296000,14,27111672,27111672,0,0,3797568,4,0,7963006;4681235;7043866;7423565,28843300,28843300,0,0,5035800,4,0,4118100;7660500;8107600;8957100,75798900,27111672,48687228,47755232,3797568,4,4,7963006;4681235;7043866;7423565
321,5,3,10,4,46817700,18013072,10245600;9556800;11257600;3014100;12743600,9,28804628,28804628,0,0,3611395,3,0,6294876;5641274;7129889;1908951;7829638,29832600,29832600,0,0,4118600,3,0,2570200;7467600;7111700;3014100;9669000,90115600,28804628,61310972,60790205,3611395,3,3,6294876;5641274;7129889;1908951;7829638
322,3,3,12,3,22007900,9481986,8949000;10207600;2851300,11,12525914,12525914,0,0,2310662,3,0,5104658;5887980;1533276,13592500,13592500,0,0,2702100,3,0,3537600;8522400;1532500,90917600,12525914,78391686,77716538,2310662,3,3,5104658;5887980;1533276
323,4,4,13,2,38527600,25049593,3125200;5373700;13110000;16918700,13,13478007,13478007,0,0,3502909,2,0,1100354;1768277;4584118;6025258,15734400,15734400,0,0,5196100,2,0,1878800;2649500;1925600;9280500,61770900,13478007,48292893,47729691,3502909,2,2,1100354;1768277;4584118;6025258
324,4,4,12,2,42757100,26267238,3507100;8968400;19354200;10927400,12,16489862,16489862,0,0,4908763,2,0,1305669;3355996;7522571;4305626,18825800,18825800,0,0,6883600,2,0,0;1547500;6350900;10927400,38576900,16489862,22087038,21725937,4908763,2,2,1305669;3355996;7522571;4305626
325,3,3,12,4,28652700,9642884,10808500;15946200;1898000,6,19009816,19009816,0,0,1903215,3,0,7112078;10648838;1248900,20226200,20226200,0,0,2054200,3,0,5211800;13441700;1572700,97245400,19009816,78235584,76976485,1903215,3,3,7112078;10648838;1248900
326,3,3,13,4,18131100,7819241,3130900;6867100;8133100,7,10311859,10311859,0,0,2615836,4,0,1673186;3954790;4683883,11315900,11315900,0,0,3363600,4,0,2748900;2027800;6539200,103991300,10311859,93679441,93423164,2615836,4,4,1673186;3954790;4683883
327,2,3,11,3,22997300,12147736,6173500;16823800,6,10849564,10849564,0,0,3377415,3,0,2946657;7902907,11986100,11986100,0,0,4090900,3,0,3324400;8661700,82130900,10849564,71281336,70831985,3377415,3,3,2946657;7902907
328,4,4,16,4,25546100,17375851,6423600;1140600;3415300;14566600,11,8170249,8170249,0,0,330589,1,0,1937122;372251;1199335;4661541,9005500,9005500,0,0,310400,1,0,4335500;880700;0;3789300,14466700,8170249,6296451,5441011,330589,1,1,1937122;372251;1199335;4661541
329,4,4,15,3,36157100,23784966,9159400;5789500;10924900;10283300,9,12372134,12372134,0,0,3919745,3,0,2941580;1669314;3150028;4611212,14484000,14484000,0,0,5650000,3,0,334600;678900;5909600;7560900,88695000,12372134,76322866,75899955,3919745,3,3,2941580;1669314;3150028;4611212
330,4,4,11,2,43827900,27072151,19585900;18170500;2426400;3645100,9,16755749,16755749,0,0,226367,1,0,7487842;6946725;927632;1393550,17272000,17272000,0,0,274100,1,0,2726500;8474000;2426400;3645100,32544700,16755749,15788951,15320433,226367,1,1,7487842;6946725;927632;1393550
331,2,4,12,2,23853600,15329160,10684400;13169200,10,8524440,8524440,0,0,2056621,2,0,3818229;4706211,9260100,9260100,0,0,2279000,2,0,593700;8666400,48813700,8524440,40289260,39775979,2056621,2,2,3818229;4706211
332,4,4,14,4,35123800,22318515,1693400;11005200;10482600;11942600,11,12805285,12805285,0,0,3343760,3,0,535386;3927104;4020455;4322340,14266400,14266400,0,0,4590300,3,0,0;5401100;1423400;7441900,64871200,12805285,52065915,51714340,3343760,3,3,535386;3927104;4020455;4322340
333,4,3,12,4,35874200,19328624,8172900;2248200;10437700;15015400,8,16545576,16545576,0,0,1556506,2,0,3751322;1038362;4981324;6774568,17513400,17513400,0,0,1927700,2,0,1927700;0;10220500;5365200,31238800,16545576,14693224,14096594,1556506,2,2,3751322;1038362;4981324;6774568
334,2,3,9,2,24026500,11181657,12533600;11492900,8,12844843,12844843,0,0,2794493,2,0,6813051;6031792,13641800,13641800,0,0,3260100,2,0,3397200;10244600,83097600,12844843,70252757,69921407,2794493,2,2,6813051;6031792
335,5,3,10,4,76651400,37790101,11428500;16604000;19094700;10930200;18594000,9,38861299,38861299,0,0,2572740,3,0,5794105;8418020;9680774;5541475;9426925,39806100,39806100,0,0,3151400,3,0,0;6457300;16979400;4903400;11466000,98508100,38861299,59646801,59280660,2572740,3,3,5794105;8418020;9680774;5541475;9426925
336,5,3,11,3,59436900,24969107,11000300;7204700;7896100;18843300;14492500,11,34467793,34467793,0,0,5746944,3,0,6087681;4284444;4522918;11205605;8367145,35020500,35020500,0,0,6022100,3,0,6102800;455400;6358600;7611200;14492500,128715400,34467793,94247607,93970056,5746944,3,3,6087681;4284444;4522918;11205605;8367145
337,3,3,12,5,42072300,22395596,19809000;7623000;14640300,9,19676704,19676704,0,0,2827350,3,0,9264428;3565185;6847091,20726900,20726900,0,0,3120400,3,0,4880000;1206600;14640300,111284500,19676704,91607796,90850650,2827350,3,3,9264428;3565185;6847091
338,3,3,10,3,23222300,11190606,4199800;6864000;12158500,10,12031694,12031694,0,0,1543480,3,0,2170160;3632796;6228738,12566400,12566400,0,0,1690400,3,0,1540200;4348300;6677900,71981000,12031694,59949306,59561520,1543480,3,3,2170160;3632796;6228738
339,2,4,15,3,25350000,14669767,18686700;6663300,7,10680233,10680233,0,0,618208,1,0,7872912;2807321,11145600,11145600,0,0,649900,1,0,6119600;5026000,17769600,10680233,7089367,6655692,618208,1,1,7872912;2807321
340,5,3,13,5,38921900,19015939,7984800;1771700;12182900;5489500;11493000,11,19905961,19905961,0,0,4521321,4,0,3921687;870158;6313428;2844778;5955910,20834200,20834200,0,0,4933300,4,0,4140700;1771700;588200;5138200;9195400,135440500,19905961,115534539,114814379,4521321,4,4,3921687;870158;6313428;2844778;5955910
341,5,3,11,4,64773900,28728334,19952800;8963800;16353200;5396700;14107400,11,36045566,36045566,0,0,6761967,4,0,11007138;4999579;9247850;3008526;7782473,37863300,37863300,0,0,7819000,4,0,2225100;2968600;16353200;5189700;11126700,117462500,36045566,81416934,80656233,6761967,4,4,11007138;4999579;9247850;3008526;7782473
342,2,3,10,2,33495000,16723284,16519600;16975400,10,16771716,16771716,0,0,1539956,2,0,8126802;8644914,17359900,17359900,0,0,1944100,2,0,3869700;13490200,41397700,16771716,24625984,24441944,1539956,2,2,8126802;8644914
343,3,3,14,4,28412800,12993680,5705100;9683900;13023800,10,15419120,15419120,0,0,4128192,3,0,3094654;5255877;7068589,17176900,17176900,0,0,5133600,3,0,313000;5464800;11399100,65358400,15419120,49939280,49186908,4128192,3,3,3094654;5255877;7068589
344,1,4,18,4,6099800,4043872,6099800,0,2055928,2055928,0,0,399341,4,0,2055928,2479700,2479700,0,0,226200,2,0,2479700,108963600,2055928,106907672,105808559,399341,4,4,2055928
345,3,4,16,4,37463700,23032304,7790200;9792600;19880900,9,14431396,14431396,0,0,2368893,3,0,3000863;3772209;7658324,15278600,15278600,0,0,2682300,3,0,813400;0;14465200,78113500,14431396,63682104,63041507,2368893,3,3,3000863;3772209;7658324
346,1,3,12,4,11390200,5479853,11390200,0,5910347,5910347,0,0,1644300,3,0,5910347,6954200,6954200,0,0,2112200,3,0,6954200,53703100,5910347,47792753,47216800,1644300,3,3,5910347
347,2,3,10,2,21746300,8830486,9899400;11846900,9,12915814,12915814,0,0,2779163,2,0,5879565;7036249,14439200,14439200,0,0,3672500,2,0,4587300;9851900,54933700,12915814,42017886,41351737,2779163,2,2,5879565;7036249
348,1,3,13,5,19525600,8258691,19525600,0,11266909,11266909,0,0,3303011,4,0,11266909,12403400,12403400,0,0,4042600,4,0,12403400,57898300,11266909,46631391,45954089,3303011,4,4,11266909
349,4,4,15,5,54620200,31609872,4570200;13388200;18365400;18296400,12,23010328,23010328,0,0,4807689,4,0,1925326;5640165;7736952;7707885,25463800,25463800,0,0,7096700,4,0,2975100;2864700;10760700;8863300,124684100,23010328,101673772,101440611,4807689,4,4,1925326;5640165;7736952;7707885
350,4,3,13,4,49301100,23829417,2716700;10325600;19405500;16853300,12,25471683,25471683,0,0,3471215,3,0,1494620;5680737;9800926;8495400,27168300,27168300,0,0,4603200,3,0,946100;5365400;8977800;11879000,86327700,25471683,60856017,60291385,3471215,3,3,1494620;5680737;9800926;8495400
351,5,4,14,4,63651400,35934860,12308900;12844500;3334500;15681500;19482000,13,27716540,27716540,0,0,2229072,4,0,5359823;5593045;1451984;6828394;8483294,29160700,29160700,0,0,3056300,4,0,941400;7210000;2683200;9057400;9268700,109148900,27716540,81432360,80815428,2229072,4,4,5359823;5593045;1451984;6828394;8483294
352,5,3,12,2,42577500,18550959,18971600;5187100;3696300;1650000;13072500,11,24026541,24026541,0,0,2856637,2,0,10638127;2955214;2053982;951461;7427757,25341900,25341900,0,0,3215600,2,0,4596200;4417500;3696300;1550000;11081900,49307900,24026541,25281359,24228463,2856637,2,2,10638127;2955214;2053982;951461;7427757
353,3,4,15,3,45319500,25574950,12874200;15960100;16485200,15,19744550,19744550,0,0,4924945,3,0,5575346;6925537;7243667,21294200,21294200,0,0,5752800,3,0,5292200;5651600;10350400,105956500,19744550,86211950,85490155,4924945,3,3,5575346;6925537;7243667
354,3,3,13,5,49905400,22425610,15967900;18614400;15323100,8,27479790,27479790,0,0,1936591,2,0,8774364;10271322;8434104,28556000,28556000,0,0,2656500,2,0,4193500;11107700;13254800,59832000,27479790,32352210,31705409,1936591,2,2,8774364;10271322;8434104
355,4,3,9,2,41544900,19855680,11666400;11168200;11372600;7337700,5,21689220,21689220,0,0,2461189,2,0,6090642;5830549;5937259;3830770,22494900,22494900,0,0,2991300,2,0,1391200;2393400;11372600;7337700,69775000,21689220,48085780,47736311,2461189,2,2,6090642;5830549;5937259;3830770
356,3,4,11,2,27560300,17553232,13385300;1952500;12222500,9,10007068,10007068,0,0,972408,2,0,4860165;708947;4437956,10306000,10306000,0,0,1006700,2,0,5696600;59500;4549900,63160800,10007068,53153732,52889092,972408,2,2,4860165;708947;4437956
357,1,4,18,5,18041400,9041051,18041400,0,9000349,9000349,0,0,4492831,4,0,9000349,10317900,10317900,0,0,5254500,4,0,10317900,102163000,9000349,93162651,92606769,4492831,4,4,9000349
358,2,4,14,2,20110000,10474236,18577800;1532200,11,9635764,9635764,0,0,3729019,2,0,8873430;762334,12181900,12181900,0,0,5623500,2,0,11131900;1050000,30594100,9635764,20958336,20306681,3729019,2,2,8873430;762334
359,2,3,14,5,13707400,6627609,7013500;6693900,8,7079791,7079791,0,0,1577577,3,0,3715912;3363879,8449000,8449000,0,0,2161100,3,0,3877400;4571600,62426000,7079791,55346209,54560523,1577577,3,3,3715912;3363879
360,2,3,8,2,31233000,12212882,14957200;16275800,8,19020118,19020118,0,0,2837490,2,0,9108561;9911557,20167100,20167100,0,0,3593300,2,0,11010900;9156200,53551300,19020118,34531182,34140010,2837490,2,2,9108561;9911557
361,2,4,16,5,17900200,9701322,3909300;13990900,12,8198878,8198878,0,0,3143204,4,0,1903338;6295540,9222400,9222400,0,0,3693300,4,0,1533400;7689000,130717500,8198878,122518622,121916596,3143204,4,4,1903338;6295540
362,5,3,11,3,34991500,14427931,15453900;3822500;2704400;7373000;5637700,10,20563569,20563569,0,0,8069203,3,0,9029029;2231058;1572866;4416749;3313867,21699600,21699600,0,0,8758100,3,0,4053800;2426900;2704400;6945100;5569400,88859400,20563569,68295831,67848697,8069203,3,3,9029029;2231058;1572866;4416749;3313867
363,4,4,17,5,41452000,23767098,13192100;19871700;5017700;3370500,11,17684902,17684902,0,0,3076325,3,0,5534988;8672455;2105269;1372190,19239200,19239200,0,0,4160100,3,0,4845800;6005200;5017700;3370500,46255200,17684902,28570298,28099775,3076325,3,3,5534988;8672455;2105269;1372190
364,4,3,11,3,37129100,15286622,3618400;8170400;19576000;5764300,8,21842478,21842478,0,0,342077,2,0,2188392;4574025;11853041;3227020,22378200,22378200,0,0,452500,2,0,0;6577900;10036000;5764300,54554600,21842478,32712122,32286823,342077,2,2,2188392;4574025;11853041;3227020
365,2,3,8,2,30751300,14670939,12131500;18619800,8,16080361,16080361,0,0,3309971,2,0,6343760;9736601,17051400,17051400,0,0,4106500,2,0,5148300;11903100,86375000,16080361,70294639,70120129,3309971,2,2,6343760;9736601
366,3,4,12,2,27982700,16104198,10415500;8850100;8717100,11,11878502,11878502,0,0,3676196,2,0,4472960;3703910;3701632,13134500,13134500,0,0,4794100,2,0,4476700;2039700;6618100,57078200,11878502,45199698,44891604,3676196,2,2,4472960;3703910;3701632
367,4,3,9,4,33273500,14585982,4183300;15995300;2458600;10636300,7,18687518,18687518,0,0,1947902,2,0,2349482;8983499;1380832;5973705,19579800,19579800,0,0,2250100,2,0,0;11618900;0;7960900,95574000,18687518,76886482,76296398,1947902,2,2,2349482;8983499;1380832;5973705
368,4,4,14,5,42684700,26148154,3727400;6467500;16281900;16207900,9,16536546,16536546,0,0,1528897,3,0,1444038;2505583;6307797;6279128,17118700,17118700,0,0,1839500,3,0,0;2303100;9107900;5707700,122953900,16536546,106417354,106145803,1528897,3,3,1444038;2505583;6307797;6279128
369,4,3,14,4,45188000,20155779,15719700;11429400;1255500;16783400,14,25032221,25032221,0,0,7238756,4,0,8682182;6679000;733675;8937364,27813300,27813300,0,0,9347700,4,0,9090500;6266100;1255500;11201200,102124600,25032221,77092379,76420244,7238756,4,4,8682182;6679000;733675;8937364
370,1,3,12,4,10884800,5213725,10884800,0,5671075,5671075,0,0,1845291,3,0,5671075,6680100,6680100,0,0,2331600,3,0,6680100,105994600,5671075,100323525,99800809,1845291,3,3,5671075
371,3,4,17,5,16372400,10148577,3560600;1401200;11410600,11,6223823,6223823,0,0,2744057,4,0,1353533;532653;4337637,6567800,6567800,0,0,3085600,4,0,2018400;0;4549400,110974900,6223823,104751077,104589643,2744057,4,4,1353533;532653;4337637
372,2,4,12,2,12854800,7053037,2616800;10238000,11,5801763,5801763,0,0,2357117,2,0,1181041;4620722,6457200,6457200,0,0,2645100,2,0,2077700;4379500,29359800,5801763,23558037,23162183,2357117,2,2,1181041;4620722
373,3,4,11,3,29456100,16401235,9769500;13278200;6408400,8,13054865,13054865,0,0,1280304,2,0,4329815;5884863;2840187,13351300,13351300,0,0,1525000,2,0,1119700;5823200;6408400,68950700,13054865,55895835,55583196,1280304,2,2,4329815;5884863;2840187
374,5,3,11,4,54691200,19773481,13275800;12104700;16486000;10816100;2008600,8,34917719,34917719,0,0,2474960,4,0,8475965;7728273;10525523;6905563;1282395,35595400,35595400,0,0,2527200,4,0,1123300;7274300;14373100;10816100;2008600,121325100,34917719,86407381,85781940,2474960,4,4,8475965;7728273;10525523;6905563;1282395
375,4,4,15,4,30915600,16549661,2780900;6158200;4989100;16987400,12,14365939,14365939,0,0,3087633,3,0,1310028;2948107;2326554;7781250,15227200,15227200,0,0,3570500,3,0,1156700;5054200;3365100;5651200,90045700,14365939,75679761,75200567,3087633,3,3,1310028;2948107;2326554;7781250
376,1,4,15,5,10616800,6701262,10616800,0,3915538,3915538,0,0,1017398,4,0,3915538,4156200,4156200,0,0,1103400,4,0,4156200,144979500,3915538,141063962,140790802,1017398,4,4,3915538
377,2,3,10,4,16104400,6520060,13954900;2149500,2,9584340,9584340,0,0,190853,3,0,8289875;1294465,10323000,10323000,0,0,217600,2,0,9685000;638000,80673400,9584340,71089060,70274647,190853,3,3,8289875;1294465
378,1,3,13,3,14134100,6910512,14134100,0,7223588,7223588,0,0,1486758,2,0,7223588,8013700,8013700,0,0,2043900,2,0,8013700,21505100,7223588,14281512,13706542,1486758,2,2,7223588
379,3,3,10,3,29864800,10955320,8953300;14303500;6608000,10,18909480,18909480,0,0,5150789,3,0,5671255;9060213;4178012,20715100,20715100,0,0,5941600,3,0,6055200;10588300;4071600,70159600,18909480,51250120,50235311,5150789,3,3,5671255;9060213;4178012
380,4,4,15,5,30718100,17048694,12213200;5999400;6551300;5954200,12,13669406,13669406,0,0,4234372,5,0,5434815;2669703;2915297;2649591,15262600,15262600,0,0,5445800,5,0,3342900;4580000;3053900;4285800,115639500,13669406,101970094,101369828,4234372,5,5,5434815;2669703;2915297;2649591
381,3,3,11,4,40639700,18196730,19473000;8241100;12925600,7,22442970,22442970,0,0,305991,1,0,10753817;4551087;7138066,22512000,22512000,0,0,326500,1,0,8638500;4454200;9419300,61830500,22442970,39387530,39339009,305991,1,1,10753817;4551087;7138066
382,4,3,13,4,50016500,23393377,3423900;11227200;19379600;15985800,10,26623123,26623123,0,0,2216945,4,0,1941026;5729614;9890054;9062429,27541100,27541100,0,0,2514300,4,0,1509500;2231700;19379600;4420300,83768700,26623123,57145577,56524955,2216945,4,4,1941026;5729614;9890054;9062429
383,5,4,12,2,64319300,44215147,11385400;4693700;15327300;14821400;18091500,6,20104153,20104153,0,0,2866997,2,0,3558712;1467101;4790822;4632695;5654823,20473800,20473800,0,0,3137300,2,0,702200;0;0;1680100;18091500,79891300,20104153,59787147,59562803,2866997,2,2,3558712;1467101;4790822;4632695;5654823
384,4,4,12,2,51117300,27566608,15095300;17184200;13721900;5115900,12,23550692,23550692,0,0,3474195,2,0,6941653;7902261;6094395;2612383,26450700,26450700,0,0,5736800,2,0,3693300;7265600;10375900;5115900,70252900,23550692,46702208,46064805,3474195,2,2,6941653;7902261;6094395;2612383
385,1,3,12,2,10194800,3855006,10194800,0,6339794,6339794,0,0,2364203,2,0,6339794,7549200,7549200,0,0,3060700,2,0,7549200,67916000,6339794,61576206,60829797,2364203,2,2,6339794
386,4,4,13,3,36620500,21305943,18220500;10573600;6498300;1328100,13,15314557,15314557,0,0,4763519,3,0,8123984;3755235;2897400;537938,17507200,17507200,0,0,6788900,3,0,11141200;1404500;3777600;1183900,89053100,15314557,73738543,73571281,4763519,3,3,8123984;3755235;2897400;537938
387,1,3,15,5,17716800,8605105,17716800,0,9111695,9111695,0,0,738521,2,0,9111695,10676800,10676800,0,0,1025400,2,0,10676800,62101800,9111695,52990105,51711879,738521,2,2,9111695
388,5,4,16,3,57029600,40233192,7731400;5719400;17851000;11689300;14038500,13,16796408,16796408,0,0,2244567,3,0,2283591;1683818;5761452;3211105;3856442,17756900,17756900,0,0,2595900,3,0,1862100;987300;2398800;3916100;8592600,102477800,16796408,85681392,85072233,2244567,3,3,2283591;1683818;5761452;3211105;3856442
389,2,3,13,3,36676300,18298443,19994200;16682100,11,18377857,18377857,0,0,5103869,3,0,9980727;8397130,20698700,20698700,0,0,6723000,3,0,11636000;9062700,89999900,18377857,71622043,70920331,5103869,3,3,9980727;8397130
390,1,4,14,5,15085500,8939674,15085500,0,6145826,6145826,0,0,1151659,3,0,6145826,6610300,6610300,0,0,1512000,3,0,6610300,67562500,6145826,61416674,61066541,1151659,3,3,6145826
391,4,4,15,2,33294900,21100077,2503700;17217500;6707100;6866600,12,12194823,12194823,0,0,2509092,2,0,917022;6306201;2456591;2515009,13302200,13302200,0,0,3102700,2,0,606700;3909900;4482200;4303400,62992400,12194823,50797577,50100008,2509092,2,2,917022;6306201;2456591;2515009
392,2,3,13,5,14716800,6089448,9286400;5430400,9,8627352,8627352,0,0,2060248,3,0,5584546;3042806,9276600,9276600,0,0,2212900,3,0,5893700;3382900,87679500,8627352,79052148,78256952,2060248,3,3,5584546;3042806
393,1,4,12,3,7828400,4834983,7828400,0,2993417,2993417,0,0,1239481,3,0,2993417,4055700,4055700,0,0,1667700,3,0,4055700,105064800,2993417,102071383,101437319,1239481,3,3,2993417
394,5,3,10,4,48042500,22272652,12497200;3067200;5691600;8766000;18020500,6,25769848,25769848,0,0,1713836,2,0,6703459;1645237;3052957;4702055;9666140,25983800,25983800,0,0,1743100,2,0,0;0;4242700;5825800;15915300,111433800,25769848,85663952,85313164,1713836,2,2,6703459;1645237;3052957;4702055;9666140
395,5,3,10,4,51613200,22404732,17859700;16614500;4423900;9021000;3694100,8,29208468,29208468,0,0,3191971,3,0,10106998;9402325;2503532;5105082;2090531,29858500,29858500,0,0,3476400,3,0,3752100;11648800;1742500;9021000;3694100,116744400,29208468,87535932,86983729,3191971,3,3,10106998;9402325;2503532;5105082;2090531
396,2,3,13,3,11823800,5708346,2877600;8946200,9,6115454,6115454,0,0,1476460,3,0,1471873;4643581,7419900,7419900,0,0,2120800,3,0,1037600;6382300,53143300,6115454,47027846,46367740,1476460,3,3,1471873;4643581
397,5,3,14,4,61408400,27507106,5650000;13853300;13582600;16211100;12111400,14,33901294,33901294,0,0,4678171,4,0,3045370;7549015;7875607;8982729;6448573,35533600,35533600,0,0,5882100,4,0,883800;8514500;8721900;5302000;12111400,113033800,33901294,79132506,78704129,4678171,4,4,3045370;7549015;7875607;8982729;6448573
398,3,3,10,3,49250900,23565450,19077600;12346500;17826800,10,25685450,25685450,0,0,4486122,3,0,10029387;6284239;9371824,26822700,26822700,0,0,5357100,3,0,13561000;5991200;7270500,120707700,25685450,95022250,94755978,4486122,3,3,10029387;6284239;9371824
399,2,3,11,3,18027200,10215033,2631800;15395400,8,7812167,7812167,0,0,1985763,2,0,1133798;6678369,8669700,8669700,0,0,2464800,2,0,1339700;7330000,31510000,7812167,23697833,23319337,1985763,2,2,1133798;6678369
400,4,3,10,2,51478700,23507002,11998300;13566500;12382400;13531500,9,27971698,27971698,0,0,3971246,2,0,6666887;6720704;7247852;7336255,29940200,29940200,0,0,5233500,2,0,8255900;2097400;6055400;13531500,46913400,27971698,18941702,18077354,3971246,2,2,6666887;6720704;7247852;7336255
401,2,4,12,3,18325500,13050527,9585200;8740300,9,5274973,5274973,0,0,2868114,3,0,2759089;2515884,5823100,5823100,0,0,3295800,3,0,823300;4999800,100326100,5274973,95051127,94904886,2868114,3,3,2759089;2515884
402,4,3,12,3,64523000,26517482,19298700;8823100;18632200;17769000,11,38005518,38005518,0,0,2913542,3,0,11367374;5197008;10974790;10466346,39454900,39454900,0,0,3694000,3,0,8868600;6204400;6612900;17769000,104511400,38005518,66505882,65836958,2913542,3,3,11367374;5197008;10974790;10466346
403,2,4,10,2,22680200,11288201,11087300;11592900,9,11391999,11391999,0,0,2007943,2,0,5678805;5713194,12790700,12790700,0,0,2898200,2,0,3891500;8899200,48628100,11391999,37236101,36727657,2007943,2,2,5678805;5713194
404,5,3,14,4,60531200,25982301,19329300;3899300;10069700;12437400;14795500,12,34548899,34548899,0,0,4898271,4,0,10879903;2270783;5864156;7087896;8446161,35549200,35549200,0,0,5244100,4,0,9163100;816100;5754900;9070500;10744600,124753900,34548899,90205001,89550529,4898271,4,4,10879903;2270783;5864156;7087896;8446161
405,5,4,14,4,70003800,39899309,10642900;5935800;15386000;19569900;18469200,14,30104491,30104491,0,0,7081010,4,0,4576047;2444546;6663323;8116741;8303834,32321600,32321600,0,0,8868600,4,0,3043200;3366000;8159000;7269600;10483800,149336500,30104491,119232009,118802490,7081010,4,4,4576047;2444546;6663323;8116741;8303834
406,5,4,14,2,43237200,27682696,11052600;1732400;1374100;9963300;19114800,12,15554504,15554504,0,0,3499261,2,0,3875236;591326;473010;3447059;7167873,17427400,17427400,0,0,4776900,2,0,2624700;0;0;4301800;10500900,81273400,15554504,65718896,65017239,3499261,2,2,3875236;591326;473010;3447059;7167873
407,1,3,13,3,6197000,2342214,6197000,0,3854786,3854786,0,0,2425782,3,0,3854786,4827200,4827200,0,0,2926100,3,0,4827200,62167000,3854786,58312214,57718818,2425782,3,3,3854786
408,4,3,12,5,30199500,17643683,9770700;4186200;13829400;2413200,8,12555817,12555817,0,0,1918396,3,0,4062289;1740466;5749745;1003317,12849800,12849800,0,0,2048500,3,0,339300;1763300;8334000;2413200,74118300,12555817,61562483,61398604,1918396,3,3,4062289;1740466;5749745;1003317
409,3,3,12,5,32112500,14594176,16399900;9252100;6460500,11,17518324,17518324,0,0,3016565,4,0,8946634;5047295;3524395,19125900,19125900,0,0,4092700,4,0,4739600;8213300;6173000,102793800,17518324,85275476,84744035,3016565,4,4,8946634;5047295;3524395
410,3,3,12,3,20893300,8678110,3474900;5070600;12347800,11,12215190,12215190,0,0,4591701,3,0,2031588;2964508;7219094,13157500,13157500,0,0,4932600,3,0,1939200;2455000;8763300,82877200,12215190,70662010,69849199,4591701,3,3,2031588;2964508;7219094
411,1,3,9,2,2828800,1284978,2828800,0,1543822,1543822,0,0,640199,2,0,1543822,2271800,2271800,0,0,874300,2,0,2271800,38825200,1543822,37281378,36641101,640199,2,2,1543822
412,2,3,12,3,26401000,12820213,16271200;10129800,4,13580787,13580787,0,0,3019070,3,0,8726867;4853920,14686700,14686700,0,0,3895500,3,0,4556900;10129800,85353400,13580787,71772613,71543130,3019070,3,3,8726867;4853920
413,5,4,13,4,48835900,30147875,1652900;17059200;15524500;6550400;8048900,13,18688025,18688025,0,0,2306945,4,0,625536;6578569;5958855;2478981;3046084,19944300,19944300,0,0,2832700,4,0,0;290900;7441200;4163300;8048900,101349500,18688025,82661475,81930955,2306945,4,4,625536;6578569;5958855;2478981;3046084
414,5,3,10,3,57589700,21111446,16385900;18143900;4556800;9925800;8577300,10,36478254,36478254,0,0,6138870,3,0,10532811;11155222;2801610;6380278;5608333,37905400,37905400,0,0,6858900,3,0,3818100;16731100;4556800;6358600;6440800,151037900,36478254,114559646,113783030,6138870,3,3,10532811;11155222;2801610;6380278;5608333
415,5,4,15,5,61815700,40568183,15292600;19767100;4180100;8436800;14139100,12,21247517,21247517,0,0,4678768,4,0,5256428;6794419;1436799;2899929;4859942,23227300,23227300,0,0,5893300,4,0,3747300;12830100;1710100;507900;4431900,94721300,21247517,73473783,72708532,4678768,4,4,5256428;6794419;1436799;2899929;4859942
416,1,3,11,5,6726700,1667794,6726700,0,5058906,5058906,0,0,2132558,2,0,5058906,5856600,5856600,0,0,2578400,2,0,5856600,68404800,5058906,63345894,62994042,2132558,2,2,5058906
417,2,4,13,3,16675700,9254104,8476000;8199700,10,7421596,7421596,0,0,3518152,3,0,3772283;3649313,8067000,8067000,0,0,3909500,3,0,2942700;5124300,72971400,7421596,65549804,65111548,3518152,3,3,3772283;3649313
418,1,3,11,4,7433800,3634577,7433800,0,3799223,3799223,0,0,1109427,2,0,3799223,4317100,4317100,0,0,1497300,2,0,4317100,22448300,3799223,18649077,18519073,1109427,2,2,3799223
419,3,4,13,5,35923200,19401491,12875800;15617000;7430400,10,16521709,16521709,0,0,3652716,3,0,5921806;7182531;3417372,17938600,17938600,0,0,4727000,3,0,4327100;6862500;6749000,92903500,16521709,76381791,76039184,3652716,3,3,5921806;7182531;3417372
420,4,3,12,4,52839200,23001421,13864700;8053100;14738900;16182500,10,29837779,29837779,0,0,3004852,4,0,7709471;4486115;8824859;8817334,32089600,32089600,0,0,4278600,4,0,5491100;1854600;9082200;15661700,130253600,29837779,100415821,99437748,3004852,4,4,7709471;4486115;8824859;8817334
421,2,3,11,4,25328700,12377424,14408900;10919800,4,12951276,12951276,0,0,1103031,2,0,7558446;5392830,13533500,13533500,0,0,1413000,2,0,7199200;6334300,57865500,12951276,44914224,44415769,1103031,2,2,7558446;5392830
422,5,3,10,3,69808200,28810861,11314100;11074200;16757100;17036300;13626500,8,40997339,40997339,0,0,3217904,2,0,7421275;6287192;9592761;9742528;7953583,42290300,42290300,0,0,3461400,2,0,7518000;1745700;6367700;13032400;13626500,105012100,40997339,64014761,62965296,3217904,2,2,7421275;6287192;9592761;9742528;7953583
423,3,4,13,3,21779900,14610301,9112800;7391800;5275300,11,7169599,7169599,0,0,2423655,3,0,2661931;2512937;1994731,8193200,8193200,0,0,3090000,3,0,3469600;2203800;2519800,87118800,7169599,79949201,79591945,2423655,3,3,2661931;2512937;1994731
424,5,4,14,2,50936200,34274596,7109400;3117300;18429900;18590500;3689100,13,16661604,16661604,0,0,4114459,2,0,2523135;999462;5908962;5960455;1269590,17568100,17568100,0,0,4426100,2,0,824100;1983200;3461000;8254700;3045100,106718000,16661604,90056396,89437341,4114459,2,2,2523135;999462;5908962;5960455;1269590
425,1,4,15,4,8070400,4222335,8070400,0,3848065,3848065,0,0,2196544,4,0,3848065,5331000,5331000,0,0,3648500,4,0,5331000,84451700,3848065,80603635,80436456,2196544,4,4,3848065
426,4,3,9,2,32444200,13451810,12115300;5436400;6904800;7987700,9,18992390,18992390,0,0,3547314,2,0,7089262;3212971;4080813;4609344,20425400,20425400,0,0,4670300,2,0,4985400;4716400;6154500;4569100,56913100,18992390,37920710,37610686,3547314,2,2,7089262;3212971;4080813;4609344
427,3,4,16,5,26259800,14179612,15423900;5262700;5573200,13,12080188,12080188,0,0,4284000,5,0,7082484;2438552;2559152,13802200,13802200,0,0,5409400,5,0,8191000;1228600;4382600,145377700,12080188,133297512,132700900,4284000,5,5,7082484;2438552;2559152
428,1,3,11,3,8410800,3899711,8410800,0,4511089,4511089,0,0,628985,2,0,4511089,5068600,5068600,0,0,650500,2,0,5068600,90263400,4511089,85752311,85216315,628985,2,2,4511089
429,1,4,18,5,17059000,9545423,17059000,0,7513577,7513577,0,0,4781640,5,0,7513577,9747000,9747000,0,0,6491600,4,0,9747000,93517000,7513577,86003423,85474160,4781640,5,5,7513577
430,1,3,10,5,8242600,3004610,8242600,0,5237990,5237990,0,0,1216909,2,0,5237990,5923000,5923000,0,0,1275400,2,0,5923000,66214600,5237990,60976610,60350091,1216909,2,2,5237990
431,4,3,12,4,33991900,16945403,12163200;8270000;9304200;4254500,4,17046497,17046497,0,0,958975,3,0,6149128;4042743;4703756;2150870,17855900,17855900,0,0,1367100,3,0,970100;3327100;9304200;4254500,81160900,17046497,64114403,63713125,958975,3,3,6149128;4042743;4703756;2150870
432,1,4,14,3,13041000,7155113,13041000,0,5885887,5885887,0,0,1751578,3,0,5885887,6520000,6520000,0,0,2016400,3,0,6520000,66285400,5885887,60399513,59919122,1751578,3,3,5885887
433,3,4,16,5,27617800,17127365,13445400;3452300;10720100,12,10490435,10490435,0,0,3495399,5,0,5104065;1316868;4069502,12136700,12136700,0,0,4451800,5,0,1862400;2052900;8221400,111518400,10490435,101027965,100338101,3495399,5,5,5104065;1316868;4069502
434,4,4,18,5,17778200,9880380,6837500;2289900;6901400;1749400,16,7897820,7897820,0,0,3837598,5,0,3037503;1017269;3065891;777157,9901000,9901000,0,0,5541500,5,0,4061700;0;4089900;1749400,89770900,7897820,81873080,81322802,3837598,5,5,3037503;1017269;3065891;777157
435,1,4,15,4,6554000,3242301,6554000,0,3311699,3311699,0,0,1893953,3,0,3311699,4175100,4175100,0,0,2169400,3,0,4175100,73828200,3311699,70516501,69928547,1893953,3,3,3311699
436,4,3,14,5,27976800,14092286,18152400;2091400;5200000;2533000,11,13884514,13884514,0,0,4255899,3,0,9034002;1029544;2570968;1250000,15385100,15385100,0,0,5242700,3,0,8130000;1544500;4011300;1699300,85020000,13884514,71135486,70621701,4255899,3,3,9034002;1029544;2570968;1250000
437,1,3,14,3,5205300,2292331,5205300,0,2912969,2912969,0,0,1276650,3,0,2912969,3523000,3523000,0,0,1566100,3,0,3523000,84415200,2912969,81502231,80987650,1276650,3,3,2912969
438,1,4,13,3,1271700,733194,1271700,0,538506,538506,0,0,309643,3,0,538506,659500,659500,0,0,402200,3,0,659500,108608700,538506,108070194,108041757,309643,3,3,538506
439,1,4,16,5,12867000,6784985,12867000,0,6082015,6082015,0,0,2990863,3,0,6082015,6938000,6938000,0,0,3408200,3,0,6938000,110494400,6082015,104412385,103803637,2990863,3,3,6082015
440,5,4,15,3,29474600,17539606,7624000;1307200;12292800;1058800;7191800,14,11934994,11934994,0,0,6412355,3,0,2918682;500432;5357322;405337;2753221,14247400,14247400,0,0,8513600,3,0,3768400;1236000;4666800;1058800;3517400,49056500,11934994,37121506,36910345,6412355,3,3,2918682;500432;5357322;405337;2753221
441,3,4,13,2,30532200,18772569,6635500;13882800;10013900,11,11759631,11759631,0,0,4593795,2,0,2555696;5347030;3856905,13234800,13234800,0,0,5543900,2,0,997400;4326800;7910600,32485000,11759631,20725369,20179305,4593795,2,2,2555696;5347030;3856905
442,2,4,16,3,23299000,13558360,5414700;17884300,7,9740640,9740640,0,0,2760338,3,0,2255855;7484785,10527100,10527100,0,0,3633300,3,0,505500;10021600,49790400,9740640,40049760,39949362,2760338,3,3,2255855;7484785
443,1,4,14,2,14812200,9426302,14812200,0,5385898,5385898,0,0,1768640,2,0,5385898,6533700,6533700,0,0,2080600,2,0,6533700,61986000,5385898,56600102,55616360,1768640,2,2,5385898
444,5,3,10,3,33123300,15262569,4159100;7922700;1865600;1284300;17891600,8,17860731,17860731,0,0,3335273,2,0,2267312;4149868;1184724;700129;9558698,18864000,18864000,0,0,3847800,2,0,553800;387700;787800;0;17134700,54919000,17860731,37058269,36567527,3335273,2,2,2267312;4149868;1184724;700129;9558698
445,5,4,12,4,48808900,29030011,14105600;6650800;4613300;10789300;12649900,10,19778889,19778889,0,0,4550932,3,0,5716027;2695113;1869452;4372161;5126136,20450300,20450300,0,0,4811700,3,0,690600;1353200;1511500;9138900;7756100,74932000,19778889,55153111,54742468,4550932,3,3,5716027;2695113;1869452;4372161;5126136
446,1,4,16,4,16191800,8888525,16191800,0,7303275,7303275,0,0,4354938,3,0,7303275,8704200,8704200,0,0,5530700,3,0,8704200,73742000,7303275,66438725,66112462,4354938,3,3,7303275
447,1,3,11,3,13135600,6186661,13135600,0,6948939,6948939,0,0,2657225,3,0,6948939,7296800,7296800,0,0,2898700,3,0,7296800,80177500,6948939,73228561,73033575,2657225,3,3,6948939
448,1,4,12,3,8941600,5238526,8941600,0,3703074,3703074,0,0,686867,2,0,3703074,3971400,3971400,0,0,811100,2,0,3971400,59705300,3703074,56002226,55712833,686867,2,2,3703074
449,4,3,9,4,53153100,26140621,19860100;15074500;7658700;10559800,6,27012479,27012479,0,0,1262751,3,0,10092931;7660882;3892162;5366504,27587000,27587000,0,0,1540400,3,0,1540400;7828100;7658700;10559800,65690800,27012479,38678321,38381449,1262751,3,3,10092931;7660882;3892162;5366504
450,5,3,14,5,79965900,43431931,15950100;15837000;14655100;15918000;17605700,9,36533969,36533969,0,0,3142388,3,0,7209151;7110820;6392301;8142395;7679302,37901500,37901500,0,0,4022900,3,0,4498900;7077600;973800;11540400;13810800,113955600,36533969,77421631,76934612,3142388,3,3,7209151;7110820;6392301;8142395;7679302
451,5,4,12,2,43234100,26602280,19767300;10646600;6265700;5286900;1267600,11,16631820,16631820,0,0,2726658,2,0,7604326;4095663;2410366;2033829;487636,17459700,17459700,0,0,3126600,2,0,3869000;5856300;2515600;3951200;1267600,49821600,16631820,33189780,32761842,2726658,2,2,7604326;4095663;2410366;2033829;487636
452,2,3,11,3,31261000,13094804,11835700;19425300,7,18166196,18166196,0,0,1939436,3,0,7041786;11124410,19071200,19071200,0,0,2446300,3,0,2080400;16990800,90126200,18166196,71960004,71548164,1939436,3,3,7041786;11124410
453,1,3,13,5,18684600,10023214,18684600,0,8661386,8661386,0,0,741313,3,0,8661386,8780900,8780900,0,0,817000,3,0,8780900,111009200,8661386,102347814,102069687,741313,3,3,8661386
454,1,3,12,3,14035000,6294842,14035000,0,7740158,7740158,0,0,1740889,2,0,7740158,9284400,9284400,0,0,2402500,2,0,9284400,37958300,7740158,30218142,29256411,1740889,2,2,7740158
455,1,3,12,4,11774700,4969315,11774700,0,6805385,6805385,0,0,2916901,2,0,6805385,7870800,7870800,0,0,3688100,2,0,7870800,33672300,6805385,26866915,26572699,2916901,2,2,6805385
456,5,3,12,4,74612300,29584604,16454800;5384900;16837900;19859700;16075000,9,45027696,45027696,0,0,3473563,3,0,9930288;3249728;10161486;11985109;9701085,46859300,46859300,0,0,3974500,3,0,695700;2162500;16656800;11269300;16075000,137943100,45027696,92915404,91584737,3473563,3,3,9930288;3249728;10161486;11985109;9701085
457,2,4,11,2,27932100,18712471,19235700;8696400,6,9219629,9219629,0,0,1673631,2,0,6349184;2870445,9508000,9508000,0,0,1408200,2,0,1408200;8099800,103810700,9219629,94591071,94037269,1673631,2,2,6349184;2870445
458,2,4,11,3,8304100,3934048,1942700;6361400,10,4370052,4370052,0,0,3198500,2,0,1022351;3347701,4957700,4957700,0,0,3452000,2,0,1508200;3449500,88021200,4370052,83651148,83242700,3198500,2,2,1022351;3347701
459,3,4,18,5,28367300,18200709,14679200;9492000;4196100,17,10166591,10166591,0,0,6172838,5,0,5139092;3404568;1622931,12761800,12761800,0,0,8003600,5,0,5833200;4472600;2456000,151586300,10166591,141419709,140655262,6172838,5,5,5139092;3404568;1622931
460,1,3,12,3,4671500,1974178,4671500,0,2697322,2697322,0,0,1156913,3,0,2697322,3229400,3229400,0,0,1456700,3,0,3229400,104980500,2697322,102283178,101856187,1156913,3,3,2697322
461,4,3,12,2,32338000,15023567,2079000;1455800;15701100;13102100,12,17314433,17314433,0,0,5180845,2,0,1141665;799439;8409497;6963832,20343500,20343500,0,0,7143100,2,0,440800;1162700;9281500;9458500,60869700,17314433,43555267,42488455,5180845,2,2,1141665;799439;8409497;6963832
462,4,4,14,3,45431900,29328253,4385400;17292000;14186700;9567800,12,16103647,16103647,0,0,2612854,3,0,1698878;6698809;4425393;3280567,16878100,16878100,0,0,3138100,3,0,900;11968900;0;4908300,88977000,16103647,72873353,72624146,2612854,3,3,1698878;6698809;4425393;3280567
463,4,4,13,5,33766300,22086667,2715800;5665200;6493600;18891700,5,11679633,11679633,0,0,628283,1,0,939384;1959571;2246111;6534567,12249400,12249400,0,0,794100,1,0,0;0;0;12249400,44592000,11679633,32912367,32500117,628283,1,1,939384;1959571;2246111;6534567
464,1,3,11,5,11285900,4777260,11285900,0,6508640,6508640,0,0,1531832,3,0,6508640,7073800,7073800,0,0,1603900,2,0,7073800,70021800,6508640,63513160,62872068,1531832,3,3,6508640
465,3,4,15,4,29120600,17927480,7432200;19770200;1918200,13,11193120,11193120,0,0,2496238,3,0,2909053;7554645;729422,12165200,12165200,0,0,2862300,3,0,1328600;8918400;1918200,45811700,11193120,34618580,34012562,2496238,3,3,2909053;7554645;729422
466,5,4,15,4,59456100,35870708,3558000;14018200;16336300;6234900;19308700,15,23585392,23585392,0,0,3049586,4,0,1411408;5560822;6480379;2473296;7659487,24821100,24821100,0,0,3698000,4,0,0;1702700;9774900;3617700;9725800,113742100,23585392,90156708,89569414,3049586,4,4,1411408;5560822;6480379;2473296;7659487
467,3,4,14,3,26573200,15935642,18656500;5213600;2703100,13,10637558,10637558,0,0,2816671,3,0,7468413;2087063;1082082,12194100,12194100,0,0,3755400,3,0,9498700;0;2695400,96205800,10637558,85568242,84950429,2816671,3,3,7468413;2087063;1082082
468,5,4,16,5,79803900,44184713,16729200;8209400;17285400;18630600;18949300,5,35619187,35619187,0,0,734738,1,0,7466810;3664134;7715059;8315468;8457716,35821500,35821500,0,0,740100,1,0,0;461000;279100;16132100;18949300,49562800,35619187,13943613,13465062,734738,1,1,7466810;3664134;7715059;8315468;8457716
469,3,4,16,5,40943500,26548373,19542200;3337700;18063600,9,14395127,14395127,0,0,2514555,3,0,6768418;1199630;6427079,15759900,15759900,0,0,3398100,3,0,1755900;1576600;12427400,66551700,14395127,52156573,51675345,2514555,3,3,6768418;1199630;6427079
470,3,3,13,5,36757600,17182604,12370300;12369400;12017900,11,19574996,19574996,0,0,3325892,4,0,6587713;6587236;6400047,20165800,20165800,0,0,3679600,4,0,4092200;6273900;9799700,100233000,19574996,80658004,80420908,3325892,4,4,6587713;6587236;6400047
471,4,3,11,3,52009100,22773322,17098000;11722000;14007900;9181200,9,29235778,29235778,0,0,5583898,2,0,9569992;6691091;7901817;5072878,31211200,31211200,0,0,6598200,2,0,7976600;4928700;9124700;9181200,60440500,29235778,31204722,30243602,5583898,2,2,9569992;6691091;7901817;5072878
472,4,4,17,4,40963500,28236553,4394800;12473300;12949400;11146000,10,12726947,12726947,0,0,3377155,4,0,1261641;4548111;3717453;3199742,14089400,14089400,0,0,4408800,4,0,0;1298800;5113900;7676700,62011300,12726947,49284353,48953545,3377155,4,4,1261641;4548111;3717453;3199742
473,3,4,15,5,23062900,12777122,11642400;5203200;6217300,13,10285778,10285778,0,0,3940615,4,0,5192370;2320565;2772843,12750200,12750200,0,0,5786000,4,0,3687800;3354100;5708300,110842700,10285778,100556922,99901985,3940615,4,4,5192370;2320565;2772843
474,3,3,12,3,26010700,9458463,16040900;4801800;5168000,11,16552237,16552237,0,0,6815319,3,0,10207829;3055685;3288723,17797900,17797900,0,0,7503200,3,0,9472900;4570900;3754100,80632100,16552237,64079863,63522081,6815319,3,3,10207829;3055685;3288723
475,5,4,16,5,66868300,41290073,12659000;12152400;10503200;13427200;18126500,11,25578227,25578227,0,0,5845309,5,0,4734382;4366306;4809167;4965298;6703074,26798900,26798900,0,0,6686200,5,0,1902400;987100;3279800;8205100;12424500,150069000,25578227,124490773,124110991,5845309,5,5,4734382;4366306;4809167;4965298;6703074
476,2,4,16,5,16724600,9562447,7833600;8891000,8,7162153,7162153,0,0,1196121,4,0,3440972;3721181,8223700,8223700,0,0,1689800,4,0,3307700;4916000,81757300,7162153,74595147,74027279,1196121,4,4,3440972;3721181
477,5,4,17,5,42027400,24566333,9481700;13719800;11334000;5346900;2145000,15,17461067,17461067,0,0,4394249,5,0,3630987;6081314;4750412;2047580;950774,19246500,19246500,0,0,5724400,5,0,4332100;3833600;5869300;3322700;1888800,97479700,17461067,80018633,79563351,4394249,5,5,3630987;6081314;4750412;2047580;950774
478,4,4,13,3,36631100,21699278,10867700;13104800;1307100;11351500,13,14931822,14931822,0,0,5047552,3,0,4294840;5614827;536121;4486034,17712800,17712800,0,0,7338500,3,0,2441200;9960200;588200;4723200,83050900,14931822,68119078,67629048,5047552,3,3,4294840;5614827;536121;4486034
479,3,3,14,5,32060300,11531292,16480300;4019300;11560700,10,20529008,20529008,0,0,603536,2,0,10616895;2556756;7355357,22099500,22099500,0,0,698400,2,0,15419000;2456700;4223800,45706000,20529008,25176992,23701364,603536,2,2,10616895;2556756;7355357
480,3,4,14,3,20762800,14208529,7925400;4862300;7975100,10,6554271,6554271,0,0,1092630,1,0,2350362;1556652;2647257,7837200,7837200,0,0,1707400,1,0,945900;2572100;4319200,44386400,6554271,37832129,37107770,1092630,1,1,2350362;1556652;2647257
481,3,3,13,5,26244600,12003319,7322200;12210100;6712300,10,14241281,14241281,0,0,3865520,3,0,3973294;6625646;3642341,15178000,15178000,0,0,4303600,3,0,2692500;7001200;5484300,82965900,14241281,68724619,68225980,3865520,3,3,3973294;6625646;3642341
482,3,4,11,2,22446200,14285570,10397200;5870000;6179000,11,8160630,8160630,0,0,2374865,2,0,3780048;2134120;2246462,9772400,9772400,0,0,3446800,2,0,1431800;3829400;4511200,43162200,8160630,35001570,34461735,2374865,2,2,3780048;2134120;2246462
483,4,4,14,3,32271400,19386504,5582600;9653800;10491300;6543700,11,12884896,12884896,0,0,2321976,2,0,2228948;3854439;4188828;2612681,14052100,14052100,0,0,2678600,2,0,0;0;7990700;6061400,82189200,12884896,69304304,68428824,2321976,2,2,2228948;3854439;4188828;2612681
484,2,4,15,4,9953600,6127022,2112200;7841400,11,3826578,3826578,0,0,1751177,4,0,812018;3014560,4529800,4529800,0,0,2061100,4,0,0;4529800,108613600,3826578,104787022,104326223,1751177,4,4,812018;3014560
485,1,3,12,2,15282800,7209138,15282800,0,8073662,8073662,0,0,2767435,2,0,8073662,9396100,9396100,0,0,3740900,2,0,9396100,28950200,8073662,20876538,20527565,2767435,2,2,8073662
486,2,4,16,5,20663600,12706748,15435100;5228500,12,7956852,7956852,0,0,1744225,3,0,5943533;2013319,8860300,8860300,0,0,2129100,3,0,6245800;2614500,111008500,7956852,103051648,102533075,1744225,3,3,5943533;2013319
487,1,4,11,2,5350500,3714885,5350500,0,1635615,1635615,0,0,798595,2,0,1635615,2176500,2176500,0,0,1223400,2,0,2176500,45453700,1635615,43818085,43589005,798595,2,2,1635615
488,4,3,10,3,37693900,17424692,8505500;4218300;19556500;5413600,10,20269208,20269208,0,0,2486994,3,0,4572875;2267914;10511378;2917041,22417000,22417000,0,0,3829900,3,0,360300;1450300;15192800;5413600,59099800,20269208,38830592,38025706,2486994,3,3,4572875;2267914;10511378;2917041
489,5,3,11,3,21624100,9750394,6432200;2725800;6582300;2407800;3476000,11,11873706,11873706,0,0,5683052,3,0,3644406;1501812;3367253;1290200;2070035,13559400,13559400,0,0,7040500,3,0,3509800;1281100;2884700;2407800;3476000,108510500,11873706,96636794,96308548,5683052,3,3,3644406;1501812;3367253;1290200;2070035
490,1,4,13,3,17474800,9734980,17474800,0,7739820,7739820,0,0,2868965,3,0,7739820,9408800,9408800,0,0,4239600,3,0,9408800,76048600,7739820,68308780,68010435,2868965,3,3,7739820
491,2,3,11,4,6177800,2272702,2828600;3349200,7,3905098,3905098,0,0,1938084,4,0,1704468;2200630,4323300,4323300,0,0,2241200,4,0,1905800;2417500,127332600,3905098,123427502,123312416,1938084,4,4,1704468;2200630
492,1,4,15,5,6441700,3268632,6441700,0,3173068,3173068,0,0,2117845,5,0,3173068,4213600,4213600,0,0,2875700,5,0,4213600,79783100,3173068,76610032,76305255,2117845,5,5,3173068
493,1,3,11,4,6348700,3046766,6348700,0,3301934,3301934,0,0,559428,1,0,3301934,4019300,4019300,0,0,766300,1,0,4019300,36123900,3301934,32821966,32048472,559428,1,1,3301934
494,4,3,14,5,51117400,24357038,15603800;9294600;6856500;19362500,9,26760362,26760362,0,0,2026477,4,0,7862606;4945910;3648531;10303315,27934000,27934000,0,0,2988300,4,0,5129600;4290400;6856500;11657500,161168800,26760362,134408438,134054023,2026477,4,4,7862606;4945910;3648531;10303315
495,2,4,12,3,28578800,19266273,13777100;14801700,7,9312527,9312527,0,0,1643511,2,0,4665635;4646892,9769800,9769800,0,0,1921900,2,0,3049600;6720200,55497000,9312527,46184473,46005589,1643511,2,2,4665635;4646892
496,4,3,14,4,41546200,16476723,10104300;12656100;14375200;4410600,12,25069477,25069477,0,0,2804173,3,0,5868097;7822205;8884709;2494466,27054600,27054600,0,0,3733800,3,0,8201700;2001100;13767100;3084700,62562900,25069477,37493423,36437927,2804173,3,3,5868097;7822205;8884709;2494466
497,3,4,11,3,32854600,21199519,18241400;8363300;6249900,8,11655081,11655081,0,0,3198228,3,0,6471089;2966857;2217135,12582300,12582300,0,0,3811900,3,0,2553600;3778800;6249900,87381800,11655081,75726719,75413172,3198228,3,3,6471089;2966857;2217135
498,5,3,13,5,60776800,28745718,12458700;14728600;4065000;13541900;15982600,5,32031082,32031082,0,0,2277413,2,0,6566086;7762386;2142368;7136963;8423279,32321000,32321000,0,0,2522400,2,0,0;2522400;274100;13541900;15982600,84837400,32031082,52806318,52635187,2277413,2,2,6566086;7762386;2142368;7136963;8423279
499,4,4,15,4,41139200,22438037,6753100;6483800;17608900;10293400,6,18701163,18701163,0,0,2354337,2,0,3067660;2945328;7999012;4689163,19781400,19781400,0,0,3084600,2,0,3084600;0;10041500;6655300,54058600,18701163,35357437,34863363,2354337,2,2,3067660;2945328;7999012;4689163
500,3,4,15,2,35739100,22217774,13262700;6937000;15539400,6,13521326,13521326,0,0,920919,1,0,5017733;2624505;5879088,14407300,14407300,0,0,1375200,1,0,1375200;1196000;11836100,29502400,13521326,15981074,15522281,920919,1,1,5017733;2624505;5879088
